symbol,isin,name,market
ALMIL,FR0010285965,1000MERCIS,Euronext Growth Paris
2CRSI,FR0013341781,2CRSI,Euronext Paris
2MX,FR0014000T90,2MX ORGANIC,Euronext Paris
2MXBS,FR0014000TB2,2MX ORGANIC BS,Euronext Paris
5PG,DK0060945467,5TH PLANET GAMES,Euronext Expand Oslo
MLATV,FR0010050773,A TOUTE VITESSE,Euronext Access Paris
ASP,FR0000076887,A.S.T. GROUPE,Euronext Paris
AALB,NL0000852564,AALBERTS NV,Euronext Amsterdam
AASB,NO0010672181,AASEN SPAREBANK,Euronext Growth Oslo
ABI,BE0974293251,AB INBEV,Euronext Brussels
AB,FR0010557264,AB SCIENCE,Euronext Paris
ABCA,FR0004040608,ABC ARBITRAGE,Euronext Paris
ABEO,FR0013185857,ABEO,Euronext Paris
ABNX,FR0012616852,ABIONYX PHARMA,Euronext Paris
ABVX,FR0012333284,ABIVAX,Euronext Paris
ABN,NL0011540547,ABN AMRO BANK N.V.,Euronext Amsterdam
ABO,BE0974278104,ABO GROUP,Euronext Brussels
ACPH,GB00BYWF9Y76,ACACIA PHARMA,Euronext Brussels
ACAN,FR0000064602,ACANTHE DEV.,Euronext Paris
ACCEL,NL0009767532,ACCELL GROUP,Euronext Amsterdam
ACCB,BE0003696102,ACCENTIS,Euronext Brussels
AC,FR0000120404,ACCOR,Euronext Paris
AAC,FR0014003PZ3,ACCOR AC SHARES,Euronext Paris
AACW,FR0014003QK3,ACCOR AC WARRANTS,Euronext Paris
AXS,GB00BQQFX454,ACCSYS,Euronext Amsterdam
ALALO,FR0010493510,ACHETER-LOUER.FR,Euronext Growth Paris
ACKB,BE0003764785,ACKERMANS V.HAAREN,Euronext Brussels
EOS,FR0000076861,ACTEOS,Euronext Paris
ATI,FR0000076655,ACTIA GROUP,Euronext Paris
ALACT,FR0014005OJ5,ACTICOR BIOTECH,Euronext Growth Paris
MLACT,FR0010979377,ACTIVIUM GROUP,Euronext Access Paris
ALADA,FR0000053076,ADA,Euronext Growth Paris
ALDV,BE0974269012,ADC SIIC,Euronext Paris
ALARF,FR0013284627,ADEUNIS,Euronext Growth Paris
ADOC,FR0011184241,ADOCIA,Euronext Paris
ALADO,FR0013247244,ADOMOS,Euronext Growth Paris
ADP,FR0010340141,ADP,Euronext Paris
ADS,CY0108052115,ADS MARITIME HOLD,Euronext Growth Oslo
ALADM,FR0010457531,ADTHINK,Euronext Growth Paris
ADUX,FR0012821890,ADUX,Euronext Paris
ALADV,FR0004152874,ADVENIS,Euronext Growth Paris
ADVIC,FR0013296746,ADVICENNE,Euronext Paris
ADVI,FR0000053043,ADVINI,Euronext Paris
ADYEN,NL0012969182,ADYEN,Euronext Amsterdam
AED,BE0003851681,AEDIFICA,Euronext Brussels
AEGA,NO0010626559,AEGA,Euronext Expand Oslo
AGN,NL0000303709,AEGON,Euronext Amsterdam
AKOM,US00774B2088,AERKOMM INC,Euronext Paris
AFME,FR0013333077,AFFLUENT MEDICAL,Euronext Paris
ALAFY,FR0014005AC9,AFYREN,Euronext Growth Paris
MLAGI,FR0011908045,AG3I,Euronext Access Paris
AGS,BE0974264930,AGEAS,Euronext Brussels
MLAA,FR0014005WE9,AGENCE AUTO,Euronext Access Paris
AGFB,BE0003755692,AGFA-GEVAERT,Euronext Brussels
AGLX,NO0010872468,AGILYX,Euronext Growth Oslo
MLAGP,ES0105478004,AGP MALAGA SOCIMI,Euronext Access Paris
ALAGP,FR0013452281,AGRIPOWER,Euronext Growth Paris
ALAGR,FR0010641449,AGROGENERATION,Euronext Growth Paris
CUR,PTCUR0AP0000,AGUAS DA CURIA,Euronext Access Lisbon
AD,NL0011794037,AHOLD DEL,Euronext Amsterdam
A5G,IE00BF0L3536,AIB GROUP PLC,Euronext Dublin
AF,FR0000031122,AIR FRANCE -KLM,Euronext Paris
AI,FR0000120073,AIR LIQUIDE,Euronext Paris
MLAIM,FR0013285103,AIR MARINE,Euronext Access Paris
AIR,NL0000235190,AIRBUS,Euronext Paris
AIRX,NO0010895568,AIRTHINGS,Euronext Growth Oslo
ALAIR,IT0005450819,AIRTIME,Euronext Growth Paris
MLAIR,FR0014003V77,AIRWELL,Euronext Access Paris
AJAX,NL0000018034,AJAX,Euronext Amsterdam
ACH,NO0010936081,AKER CLEAN HYDROGE,Euronext Growth Oslo
AOW,NO0010890312,AKER OFFSHORE WIND,Euronext Growth Oslo
AKA,FR0004180537,AKKA TECHNOLOGIES,Euronext Paris
AKOBO,SE0015193412,AKOBO MINERALS,Euronext Growth Oslo
AKW,FR0000053027,AKWEL,Euronext Paris
AKZA,NL0013267909,AKZO NOBEL,Euronext Amsterdam
AAA,FR0000062465,ALAN ALLMAN,Euronext Paris
ABIO,FR0000060402,ALBIOMA,Euronext Paris
ABIBS,FR0013368438,ALBIOMA BSAAR 2018,Euronext Growth Paris
ALCHI,FR0014000JX7,ALCHIMIE,Euronext Growth Paris
ALD,FR0013258662,ALD,Euronext Paris
MLALE,GB00BJ9M4V82,ALEPH FINANCE,Euronext Access Paris
ALFEN,NL0012817175,ALFEN,Euronext Amsterdam
ALLFG,GB00BNTJ3546,ALLFUNDS GROUP,Euronext Amsterdam
AMUND,NL0010696704,ALMUNDA PRO NV,Euronext Amsterdam
CDA,FR0000053324,ALPES (COMPAGNIE),Euronext Paris
ALM,FR0013421286,ALPHA MOS,Euronext Paris
ALO,FR0010220475,ALSTOM,Euronext Paris
LTA,FR0000053837,ALTAMIR,Euronext Paris
ALTA,FR0000033219,ALTAREA,Euronext Paris
AREIT,FR0000039216,ALTAREIT,Euronext Paris
ATE,FR0000071946,ALTEN,Euronext Paris
ALT,IE00BLRPRP89,ALTERNUS ENERGY GR,Euronext Growth Oslo
ALORA,FR0000061244,ALTHEORA,Euronext Growth Paris
ALTR,PTALT0AE0002,ALTRI SGPS,Euronext Lisbon
ALTUR,FR0010395681,ALTUR INVEST.,Euronext Paris
ALX,NL0012194724,ALUMEXX N.V.,Euronext Amsterdam
MLALV,FR0013253812,ALVEEN,Euronext Access Paris
ALAMA,GB00BNKGZC51,AMA CORPORATION,Euronext Growth Paris
MLAAH,NL0010273694,AMATHEON AGRI,Euronext Access Paris
AMG,NL0000888691,AMG,Euronext Amsterdam
ALMIB,FR0011051598,AMOEBA,Euronext Growth Paris
AMPLI,FR0012789667,AMPLITUDE SURGICAL,Euronext Paris
ACOMO,NL0000313286,AMSTERDAM COMMOD.,Euronext Amsterdam
AMUN,FR0004125920,AMUNDI,Euronext Paris
ANDF,NO0010829765,ANDFJORD SALMON,Euronext Growth Oslo
ANT,BE0003676872,ANTARES CERT,Euronext Brussels
ANTIN,FR0014005AL0,ANTIN INFRA PARTN,Euronext Paris
APAM,LU0569974404,APERAM,Euronext Amsterdam
APM,KYG6096M1069,APTORUM GROUP CL A,Euronext Paris
ABT,NO0010307135,AQUA BIO TECHNO,Euronext Expand Oslo
ALAQU,FR0010340711,AQUILA,Euronext Growth Paris
ARAMI,FR0014003U94,ARAMIS GROUP,Euronext Paris
ARCAD,NL0006237562,ARCADIS,Euronext Amsterdam
MT,LU1598757687,ARCELORMITTAL SA,Euronext Amsterdam
ALJXR,FR0000182479,ARCHOS,Euronext Growth Paris
ABS,NO0010859580,ARCTIC BIOSCIENCE,Euronext Growth Oslo
AFISH,NO0010917719,ARCTIC FISH HOLDIN,Euronext Growth Oslo
ALCUR,FR0013398997,ARCURE,Euronext Growth Paris
MLARD,FR0005057635,ARDOIN ST AMAND A,Euronext Access Paris
ARDO,FR0004070795,ARDOIN ST AMAND B,Euronext Access Paris
ARG,FR0010481960,ARGAN,Euronext Paris
ARGX,NL0010832176,ARGENX SE,Euronext Brussels
ARGEO,NO0010946593,ARGEO,Euronext Growth Oslo
MLARI,ES0105601001,ARIMELIA ITG,Euronext Access Paris
AKE,FR0010313833,ARKEMA,Euronext Paris
MLARO,ES0105486007,AROCA DEL PINAR,Euronext Access Paris
ARTE,FR0012185536,ARTEA,Euronext Paris
PRC,FR0000074783,ARTMARKET COM,Euronext Paris
ARTO,FR0000076952,ARTOIS NOM.,Euronext Paris
ASC,BE0003856730,ASCENCIO,Euronext Brussels
MLAEM,FR0012968485,ASHLER ET MANSON,Euronext Access Paris
ASIT,BE0974289218,ASIT,Euronext Brussels
ASM,NL0000334118,ASM INTERNATIONAL,Euronext Amsterdam
ASML,NL0010273215,ASML HOLDING,Euronext Amsterdam
ASRNL,NL0011872643,ASR NEDERLAND,Euronext Amsterdam
ASY,FR0000074148,ASSYSTEM,Euronext Paris
ASTRO,CH1122548808,ASTROCAST,Euronext Growth Oslo
ATA,FR0010478248,ATARI,Euronext Paris
ATEME,FR0011992700,ATEME,Euronext Paris
ATEB,BE0003837540,ATENOR,Euronext Brussels
ATO,FR0000051732,ATOS,Euronext Paris
ATRS,JE00B3DCF752,ATRIUM EUR REALEST,Euronext Amsterdam
AUB,FR0000063737,AUBAY,Euronext Paris
ALAUD,FR00140059B5,AUDACIA,Euronext Growth Paris
MLAUD,FR0011896463,AUDIENCE LABS,Euronext Access Paris
ALAVY,BE0974334667,AUDIOVALLEY,Euronext Growth Paris
AUGR,FR0000061780,AUGROS COSMETICS,Euronext Paris
ALAMG,FR0013410370,AUPLATA MINING GR,Euronext Growth Paris
AURE,FR0000039232,AUREA,Euronext Paris
AURS,FR0013183589,AURES TECHNOLOGIES,Euronext Paris
AURA,NO0011032310,AURORA EIENDOM,Euronext Growth Oslo
AVTX,NL0012047823,AVANTIUM,Euronext Amsterdam
AVT,FR0013529815,AVENIR TELECOM,Euronext Paris
ALNG,NO0010607971,AWILCO LNG,Euronext Expand Oslo
CS,FR0000120628,AXA,Euronext Paris
CSNV,FR00140074K5,AXA NV22,Euronext Paris
AXW,FR0011040500,AXWAY SOFTWARE,Euronext Paris
AYFIE,NO0010793243,AYFIE GROUP,Euronext Growth Oslo
MLAZL,IT0004812258,AZ LEASING,Euronext Access Paris
AZE,BE0974400328,AZELIS GROUP,Euronext Brussels
MLAAT,PTAZR0AM0006,AZOREAN TECH,Euronext Access Paris
BCP,PTBCP0AM0015,B.COM.PORTUGUES,Euronext Lisbon
BSGR,LU1789205884,B&S Group,Euronext Amsterdam
ALBKK,FR0013384369,BAIKOWSKI,Euronext Growth Paris
BAIN,MC0000031187,BAINS MER MONACO,Euronext Paris
BALTA,BE0974314461,BALTA GROUP,Euronext Brussels
BALT,NO0010810476,BALTIC SEA PROP,Euronext Growth Oslo
BALYO,FR0013258399,BALYO,Euronext Paris
BAMNB,NL0000337319,BAM GROEP KON,Euronext Amsterdam
BANI,BE0003870871,BANIMMO A,Euronext Brussels
DD7E,IE0000730790,BANK OF IR NC PREF,Euronext Dublin
DD7D,IE0000730808,BANK OF IR NCP STF,Euronext Dublin
BIRG,IE00BD1RP616,BANK OF IRELAND GP,Euronext Dublin
BUI,FR0000062788,BARBARA BUI,Euronext Paris
BAR,BE0974362940,BARCO,Euronext Brussels
MLBAR,ES0105362000,BARINGS CORE SPAIN,Euronext Access Paris
BARRA,SGXZ33675836,BARRAMUNDI GROUP,Euronext Growth Oslo
BFIT,NL0011872650,BASIC-FIT,Euronext Amsterdam
BAS,BE0003674851,BASILIX CERT,Euronext Brussels
BASS,FR0004023208,BASSAC,Euronext Paris
BLC,FR0000035370,BASTIDE LE CONFORT,Euronext Paris
MLBAT,FR0010436170,BATLA MINERALS,Euronext Access Paris
ALBDM,FR0000035305,BD MULTI MEDIA,Euronext Growth Paris
BESI,NL0012866412,BE SEMICONDUCTOR,Euronext Amsterdam
MLBMD,CH0451123589,BEACONSMIND,Euronext Access Paris
BEAB,BE0003661726,BEAULIEU-AV. CERT,Euronext Brussels
MLBBO,CH1148983609,BEBO HEALTH,Euronext Access Paris
BEFB,BE0003678894,BEFIMMO,Euronext Brussels
BEKB,BE0974258874,BEKAERT,Euronext Brussels
FBEL,FR0000121857,BEL,Euronext Paris
BLV,FR0014003FE9,BELIEVE,Euronext Paris
BELR,BE0020575115,BELRECA,Euronext Brussels
BELU,BE0003723377,BELUGA,Euronext Brussels
BEN,FR0000035164,BENETEAU,Euronext Paris
SLBEN,PTSLB0AM0010,BENFICA,Euronext Lisbon
BCS,NO0010950249,BERGEN CARBON SOL,Euronext Growth Oslo
ALDBL,FR0000066961,BERNARD LOISEAU,Euronext Growth Paris
BBED,NL0000339703,BETER BED,Euronext Amsterdam
BEVER,NL0000285278,BEVER HOLDING,Euronext Amsterdam
BB,FR0000120966,BIC,Euronext Paris
BIG,FR0000074072,BIGBEN INTERACTIVE,Euronext Paris
ALBLD,FR0004174233,BILENDI,Euronext Growth Paris
ALTUV,FR0013345493,BIO-UV GROUP,Euronext Growth Paris
BCART,BE0974281132,BIOCARTIS,Euronext Brussels
ALCOR,FR0012788065,BIOCORP,Euronext Growth Paris
BFISH,NO0010955198,BIOFISH HOLDING,Euronext Growth Oslo
BIM,FR0013280286,BIOMERIEUX,Euronext Paris
ALBPS,FR0012816825,BIOPHYTIS,Euronext Growth Paris
BPSBS,FR0013507290,BIOPHYTIS BSA,Euronext Growth Paris
ALBIO,FR0011005933,BIOSYNEX,Euronext Growth Paris
BTLS,BE0974386188,BIOTALYS,Euronext Brussels
BSP,NO0010755101,BLACK SEA PROPERTY,Euronext Growth Oslo
BLEE,FR0000062150,BLEECKER,Euronext Paris
MLBSP,FR0013340973,BLUE SHARK POWER,Euronext Access Paris
ALBLU,FR0011041011,BLUELINEA,Euronext Growth Paris
BLUBT,FR0013480985,BLUELINEA BSA Y,Euronext Growth Paris
BNP,FR0000131104,BNP PARIBAS ACT.A,Euronext Paris
ALBOA,FR0011365907,BOA CONCEPT,Euronext Growth Paris
MLONE,FR0010106039,BODY ONE,Euronext Access Paris
BOI,FR0000061129,BOIRON,Euronext Paris
BOL,FR0000039299,BOLLORE,Euronext Paris
BON,FR0000063935,BONDUELLE,Euronext Paris
BOTHE,BE0974280126,BONE THERAPEUTICS,Euronext Brussels
ALBOO,FR0011814938,BOOSTHEAT,Euronext Growth Paris
BOKA,NL0000852580,BOSKALIS WESTMIN,Euronext Amsterdam
ALBOU,FR0000054421,BOURRELIER GROUP,Euronext Growth Paris
BSD,FR0000074254,BOURSE DIRECT,Euronext Paris
BGHL,GG00B1FQG453,BOUSSARD GAVAUDAN,Euronext Amsterdam
BGHS,GG00B39VMM07,BOUSSARD GHL GBP,Euronext Amsterdam
EN,FR0000120503,BOUYGUES,Euronext Paris
ENNV,FR0014006U75,BOUYGUES NV22,Euronext Paris
BPOST,BE0974268972,BPOST,Euronext Brussels
BNB,BE0003008019,BQUE NAT. BELGIQUE,Euronext Brussels
BRA,NO0010167331,BRABANK,Euronext Growth Oslo
BREB,LU1068091351,BREDERODE,Euronext Brussels
BACE,KYG137071075,BRIGADE M3 SHA,Euronext Amsterdam
BACEU,KYG137071158,BRIGADE M3 UNITS,Euronext Amsterdam
BRILL,NL0000442523,BRILL KON,Euronext Amsterdam
BRNL,NL0010776944,BRUNEL INTERNAT,Euronext Amsterdam
BVI,FR0006174348,BUREAU VERITAS,Euronext Paris
BUR,FR0000061137,BURELLE,Euronext Paris
BWEK,SGXZ80461361,BW Epic Kosan,Euronext Growth Oslo
BWIDL,NO0010947385,BW IDEOL,Euronext Growth Oslo
CAT31,FR0000045544,CA TOULOUSE 31 CCI,Euronext Paris
ALCG,FR0013530102,CABASSE GROUP,Euronext Growth Paris
CAFO,FR0010151589,CAFOM,Euronext Paris
MLAAE,FR0010781377,CAIRE,Euronext Access Paris
C5H,IE00BWY4ZF18,CAIRN HOMES PLC,Euronext Dublin
CAMBI,NO0010078850,CAMBI,Euronext Growth Oslo
CBDG,FR0000079659,CAMBODGE NOM.,Euronext Paris
CAMB,BE0003825420,CAMPINE,Euronext Brussels
CAND,BE0974298300,CANDELA INVEST,Euronext Growth Brussels
CAN,NO0010781560,CANOPY HOLDINGS,Euronext Growth Oslo
CAPLI,FR0012969095,CAPELLI,Euronext Paris
CAP,FR0000125338,CAPGEMINI,Euronext Paris
ALCRB,FR0011648716,CARBIOS,Euronext Growth Paris
CARBN,NO0010778095,CARBON TRANSITION,Euronext Expand Oslo
CPINV,BE0974273055,CARE PROPERTY INV.,Euronext Brussels
ALCAR,FR0010907956,CARMAT,Euronext Growth Paris
CARM,FR0010828137,CARMILA,Euronext Paris
CARP,FR0000064156,CARPINIENNE PART.,Euronext Paris
CA,FR0000120172,CARREFOUR,Euronext Paris
CO,FR0000125585,CASINO GUICHARD,Euronext Paris
CAS,FR0000072894,CAST,Euronext Paris
CATG,FR0010193052,CATANA GROUP,Euronext Paris
CTRG,FR0000064446,CATERING INTL SCES,Euronext Paris
CATR,US1491231015,CATERPILLAR INC,Euronext Paris
ALCBI,FR0014007LW0,CBI,Euronext Growth Paris
CBOT,FR0010193979,CBO TERRITORIA,Euronext Paris
MLCEC,FR0010717579,CECURITY.COM,Euronext Access Paris
CGM,FR0000053506,CEGEDIM,Euronext Paris
ALCLS,FR0010425595,CELLECTIS,Euronext Growth Paris
CYAD,BE0974260896,CELYAD ONCOLOGY,Euronext Brussels
CENER,BE0974303357,CENERGY,Euronext Brussels
ALPCV,FR0013178712,CERINNOV GROUP,Euronext Growth Paris
ALCES,FR0013297165,CESAR,Euronext Growth Paris
MLCSA,IT0005402034,CESYNT A SHARES,Euronext Access Paris
MLCSB,IT0005398877,CESYNT B SHARES,Euronext Access Paris
CFEB,BE0003883031,CFE,Euronext Brussels
CFI,FR0000037475,CFI,Euronext Paris
MLCFM,MC0010000826,CFM INDOSUEZWEALTH,Euronext Access Paris
CGG,FR0013181864,CGG,Euronext Paris
CGGBS,FR0013309614,CGG BSA 1,Euronext Paris
CGGBT,FR0013309622,CGG BSA 2,Euronext Paris
MLCFD,FR0000037871,CH.FER DEPARTEMENT,Euronext Access Paris
MLCVG,FR0000051567,CH.FER VAR GARD N.,Euronext Access Paris
CRI,FR0000130692,CHARGEURS,Euronext Paris
CHSR,FR0000060907,CHAUSSERIA,Euronext Paris
MLCHE,FR0010447086,CHEOPS TECHNOLOGY,Euronext Access Paris
MLTV,BE0974370026,CHOICE,Euronext Access Brussels
CDI,FR0000130403,CHRISTIAN DIOR,Euronext Paris
CIB,FR0000054322,CIBOX INTER A CTIV,Euronext Paris
COMB,BE0003592038,CIE BOIS SAUVAGE,Euronext Brussels
MLCMB,FR0000060428,CIE DU MONT BLANC,Euronext Access Paris
MLCIO,FR0012384907,CIOA,Euronext Access Paris
CIRCA,NO0010917594,CIRCA GROUP,Euronext Growth Oslo
CLA,FR0013426004,CLARANOVA,Euronext Paris
ALCLA,FR0004152882,CLASQUIN,Euronext Growth Paris
CSS,AU000000CSS3,CLEAN SEAS SEAFOOD,Euronext Growth Oslo
CMCOM,NL0012747059,CM.COM,Euronext Amsterdam
COM,FR0000053399,CNIM GROUP,Euronext Paris
CNV,NL0010949392,CNOVA,Euronext Paris
CNP,FR0000120222,CNP ASSURANCES,Euronext Paris
COBH,BE0003519270,CO.BR.HA,Euronext Growth Brussels
CAPSL,NO0010923121,CO2 CAPSOL,Euronext Growth Oslo
CCEP,GB00BDCPN049,Coca-ColaEuropacif,Euronext Amsterdam
COFA,FR0010667147,COFACE,Euronext Paris
ALCOF,FR0013257409,COFIDUR,Euronext Growth Paris
COFB,BE0003593044,COFINIMMO,Euronext Brussels
ALLEC,FR0013335742,COGELEC,Euronext Growth Paris
ALCOG,FR0011071570,COGRA,Euronext Growth Paris
COH,FR0004031763,COHERIS,Euronext Paris
ALCOI,BE0160342011,COIL,Euronext Growth Paris
RE,FR0000121634,COLAS,Euronext Paris
MLCLP,FR0010959684,COLIPAYS,Euronext Access Paris
COLR,BE0974256852,COLRUYT,Euronext Brussels
ODET,FR0000062234,COMPAGNIE ODET,Euronext Paris
MLMFI,BE6252013725,CONDOR TECHNOLOG,Euronext Access Paris
CDU,PTCDU0AE0003,CONDURIL,Euronext Access Lisbon
MLCNT,FR0000077828,CONSORT NT,Euronext Access Paris
MLLCB,FR00140007I9,CONSTRUCTEURS BOIS,Euronext Access Paris
CPA,PTCPA0AP0006,COPAM,Euronext Access Lisbon
CRBN,NL0010583399,CORBION,Euronext Amsterdam
CLB,NL0000200384,CORE LABORATORIES,Euronext Amsterdam
MLCOR,FR0010035816,COREP LIGHTING,Euronext Access Paris
CORRE,NL0015000DY3,CORRE ENERGY B.V.,Euronext Growth Dublin
COR,PTCOR0AE0006,CORTICEIRA AMORIM,Euronext Lisbon
MLCOU,FR0004998318,COURBET,Euronext Access Paris
COUR,FR0000065393,COURTOIS,Euronext Paris
COV,FR0000064578,COVIVIO,Euronext Paris
COVH,FR0000060303,COVIVIO HOTELS,Euronext Paris
CRAP,FR0000044323,CRCAM ALP.PROV.CCI,Euronext Paris
CRAV,FR0000185506,CRCAM ATL.VEND.CCI,Euronext Paris
CRBP2,FR0010483768,CRCAM BRIE PIC2CCI,Euronext Paris
CIV,FR0000045213,CRCAM ILLE-VIL.CCI,Euronext Paris
CRLA,FR0010461053,CRCAM LANGUED CCI,Euronext Paris
CRLO,FR0000045239,CRCAM LOIRE HTE L.,Euronext Paris
CMO,FR0000045551,CRCAM MORBIHAN CCI,Euronext Paris
CNF,FR0000185514,CRCAM NORD CCI,Euronext Paris
CCN,FR0000044364,CRCAM NORM.SEINE,Euronext Paris
CAF,FR0000045528,CRCAM PARIS ET IDF,Euronext Paris
CRSU,FR0000045346,CRCAM SUD R.A.CCI,Euronext Paris
CRTO,FR0000045304,CRCAM TOURAINE CCI,Euronext Paris
ACA,FR0000045072,CREDIT AGRICOLE,Euronext Paris
OPTI,BE0003836534,CRESCENT,Euronext Brussels
DD8A,IE0001827264,CRH PLC 5PCCumPref,Euronext Dublin
DD8B,IE0001827603,CRH PLC 7PCCumPref,Euronext Dublin
CRG,IE0001827041,CRH PLC ord,Euronext Dublin
ALCJ,FR0011716265,CROSSJECT,Euronext Growth Paris
CJBS,FR0014007HU2,CROSSJECT BS,Euronext Growth Paris
CROS,FR0000050395,CROSSWOOD,Euronext Paris
CPA1,KYG2581M1078,CRYSTAL PEAK SHARE,Euronext Amsterdam
CPA1W,KYG2581M1151,CRYSTAL PEAK WAR,Euronext Amsterdam
SX,FR0007317813,CS GROUP.,Euronext Paris
CSAM,NO0010894512,CSAM HEALTH GROUP,Euronext Growth Oslo
CTAC,NL0000345577,CTAC,Euronext Amsterdam
CTCA1,NL0015000DC9,CTC ORD SHARES,Euronext Amsterdam
CTCT1,NL0015000F09,CTC TREAS SHARES,Euronext Amsterdam
CTCW1,NL0015000DD7,CTC WARRANTS,Euronext Amsterdam
CTPNV,NL00150006R6,CTP,Euronext Amsterdam
CTT,PTCTT0AM0001,CTT CORREIOS PORT,Euronext Lisbon
CLEX,BE0003463685,CUMULEX,Euronext Brussels
ALCYB,FR0014004QR6,CYBERGUN,Euronext Growth Paris
CYBBT,FR0013340817,CYBERGUN BSA 2,Euronext Growth Paris
CYBK1,FR0013507977,CYBERGUN BSA K1,Euronext Growth Paris
CYBKA,FR0013507985,CYBERGUN BSA K2A,Euronext Growth Paris
CYBKB,FR0013508009,CYBERGUN BSA K2B,Euronext Growth Paris
CYVIZ,NO0010015175,CYVIZ,Euronext Growth Oslo
ALDLS,FR0010404368,D.L.S.I.,Euronext Growth Paris
DIE,BE0974259880,D'IETEREN GROUP,Euronext Brussels
DHG,IE00BJMZDW83,DALATA HOTEL GP.,Euronext Dublin
MLDAM,FR0000077885,DAMARIS,Euronext Access Paris
ALDAR,FR0000185423,DAMARTEX,Euronext Growth Paris
BN,FR0000120644,DANONE,Euronext Paris
AM,FR0014004L86,DASSAULT AVIATION,Euronext Paris
DSYNV,FR00140078T7,DASSAULT SYS NV22,Euronext Paris
DSY,FR0014003TT8,DASSAULT SYSTEMES,Euronext Paris
DLE,IE0000527006,DATALEX PLC,Euronext Growth Dublin
ALDBT,FR0013066750,DBT,Euronext Growth Paris
DBV,FR0010417345,DBV TECHNOLOGIES,Euronext Paris
DECB,BE0003789063,DECEUNINCK,Euronext Brussels
DEE,FR0014003G01,DEE TECH SHARES,Euronext Paris
DEEW,FR0014003G19,DEE TECH WARRANTS,Euronext Paris
DVD,NO0010955917,DEEP VALUE DRILLER,Euronext Growth Oslo
ALDEI,FR0010879056,DEINOVE,Euronext Growth Paris
DKUPL,FR0000062978,DEKUPLE,Euronext Paris
ALDEL,FR0000054132,DELFINGEN,Euronext Growth Paris
ALDR,FR0011522168,DELTA DRONE,Euronext Growth Paris
ALDBY,FR0013400991,DELTA DRONE BSA Y,Euronext Growth Paris
ALDLT,FR0013283108,DELTA PLUS GROUP,Euronext Growth Paris
DBG,FR0000053381,DERICHEBOURG,Euronext Paris
DSRT,NO0010963275,DESERT CONTROL,Euronext Growth Oslo
MLDYH,SE0007045380,DESIGN YOUR HOME,Euronext Access Paris
ALDEV,FR0000060840,DEVERNOIS,Euronext Growth Paris
DEXB,BE0974290224,DEXIA,Euronext Expert Market
DGB,NL0009169515,DGB GROUP N.V.,Euronext Amsterdam
DGE,GB0002374006,DIAGEO,Euronext Paris
GUI1,GB0002374006,DIAGEO PLC,Euronext Dublin
DGM,FR0012202497,DIAGNOSTIC MEDICAL,Euronext Paris
DIEG,BE0003698124,DIEGEM KENNEDYCERT,Euronext Brussels
DCACS,GG00BMB5XZ39,DISRUPTIVE CAP SHA,Euronext Amsterdam
DCACW,GG00BMB5XY22,DISRUPTIVE CAP WAR,Euronext Amsterdam
DISL,BE0003605160,DISTRI-LAND CERT,Euronext Brussels
ALDNX,FR0010436584,DNXCORP,Euronext Growth Paris
DPAM,FR0000065260,DOCK.PETR.AMBES AM,Euronext Paris
ALDOL,FR0014004QZ9,DOLFINES,Euronext Growth Paris
DQ7A,IE00BLRPQQ22,DONEGAL INVESTMENT,Euronext Growth Dublin
ALDNE,FR0013331212,DONTNOD,Euronext Growth Paris
DPA,NL0009197771,DPA GROUP,Euronext Amsterdam
ALDRV,FR0013088606,DRONE VOLT,Euronext Growth Paris
BNBS,FR0014007951,DRONE VOLT BS26,Euronext Growth Paris
DSC2,NL00150000S7,DSC2,Euronext Amsterdam
DSC2S,NL00150002R5,DSC2 TREAS SHARES,Euronext Amsterdam
DSM,NL0000009827,DSM KON,Euronext Amsterdam
DSCW1,NL00150000T5,DUTCH STAR C W11,Euronext Amsterdam
DSCW2,NL00150000U3,DUTCH STAR C W12,Euronext Amsterdam
DSCW3,NL00150000V1,DUTCH STAR C W13,Euronext Amsterdam
MLDYN,FR0000052920,DYNAFOND,Euronext Access Paris
MLDYX,LU0881232630,DYNEX ENERGY SA,Euronext Access Paris
ALAGO,FR0014004339,E PANGO,Euronext Growth Paris
EAM,NO0010607781,EAM SOLAR,Euronext Expand Oslo
EAS2P,NL0000345627,EASE2PAY NV,Euronext Amsterdam
MLEAS,HK0000038783,EASSON HOLDINGS,Euronext Access Paris
MLEDR,FR0007200100,EAUX DE ROYAN,Euronext Access Paris
MLEAV,FR0010536185,EAVS,Euronext Access Paris
EBUS,NL0015000CZ2,EBUSCO HOLDING,Euronext Amsterdam
ECIT,NO0010939804,ECIT AS B-AKSJER,Euronext Growth Oslo
MLECO,DE000A0XYM45,ECOLUTIONS,Euronext Access Paris
ALECO,FR0013534617,ECOMIAM,Euronext Growth Paris
ECONB,BE0974313455,ECONOCOM GROUP,Euronext Brussels
ECO,NO0010936891,ECOONLINE HOLDING,Euronext Growth Oslo
ALESA,FR0011490648,ECOSLOPS,Euronext Growth Paris
EDEN,FR0010908533,EDENRED,Euronext Paris
EDF,FR0010242511,EDF,Euronext Paris
ALEAC,IT0005351504,EDILIZIACROBATICA,Euronext Growth Paris
MLEDS,FR0000052755,EDITIONS DU SIGNE,Euronext Access Paris
EDP,PTEDP0AM0009,EDP,Euronext Lisbon
EDPR,ES0127797019,EDP RENOVAVEIS,Euronext Lisbon
MLEDU,FR0010439265,EDUNIVERSAL,Euronext Access Paris
MLEES,FR0010945733,EES,Euronext Access Paris
EFIC1,NL00150006Z9,EFIC1 ORD SHARES,Euronext Amsterdam
EFICT,NL00150009J7,EFIC1 TREASURY SH,Euronext Amsterdam
EFICW,NL00150007A0,EFIC1 WARRANTS,Euronext Amsterdam
GID,FR0000072373,EGIDE,Euronext Paris
EHCS,NL0015000K10,EHC ORD SHARES,Euronext Amsterdam
EHCT,NL0015000K02,EHC TREAS SHARES,Euronext Amsterdam
EHCW,NL0015000K28,EHC WARRANTS,Euronext Amsterdam
FGR,FR0000130452,EIFFAGE,Euronext Paris
EKI,FR0011466069,EKINOPS,Euronext Paris
EKOP,BE0974380124,EKOPAK,Euronext Brussels
ELEC,FR0000031023,ELEC.STRASBOURG,Euronext Paris
EEM,FR0000035719,ELECT. MADAGASCAR,Euronext Paris
ELIMP,NO0010911902,ELEKTROIMPORTØREN,Euronext Growth Oslo
ELI,BE0003822393,ELIA GROUP,Euronext Brussels
ELIOR,FR0011950732,ELIOR GROUP,Euronext Paris
ELIS,FR0012435121,ELIS,Euronext Paris
ELABS,NO0010722283,ELLIPTIC LABORATOR,Euronext Growth Oslo
ELOP,NO0010864036,ELOP,Euronext Growth Oslo
EMD,BE0003849669,EMD MUSIC,Euronext Expert Market
ALEMV,FR0013356755,EMOVA GROUP,Euronext Growth Paris
ALDUB,FR0004030708,ENCRES DUBUIT,Euronext Growth Paris
ALNN6,FR0013330792,ENENSYS,Euronext Growth Paris
ALNRG,FR0013399359,ENERGISME,Euronext Growth Paris
ALENE,FR0011915339,ENERTIME,Euronext Growth Paris
EXR,IE00BG0HDR01,ENGAGE XR HOLDINGS,Euronext Growth Dublin
ENGI,FR0010208488,ENGIE,Euronext Paris
ALENO,FR0014004974,ENOGIA,Euronext Growth Paris
ALESE,FR0014004362,ENTECH,Euronext Growth Paris
ENTPA,NL0015000F82,ENTP ORD SHARES,Euronext Amsterdam
ENTPT,NL0015000F90,ENTP TREAS SHARES,Euronext Amsterdam
ENTPW,NL0015000FD2,ENTP WARRANTS,Euronext Amsterdam
ALENT,FR0010424697,ENTREPARTICULIERS,Euronext Growth Paris
ALENR,FR0000045122,ENTREPRENDRE,Euronext Growth Paris
ALTEV,FR0010278762,ENVEA,Euronext Growth Paris
ENVI,NL0015000GX8,ENVIPCO,Euronext Amsterdam
ENVIP,NL0015000GX8,ENVIPCO HOLDING,Euronext Growth Oslo
ALEO2,FR0010465534,EO2,Euronext Growth Paris
EPIC,KYG3166N1060,EPIC Ord Shares,Euronext Amsterdam
EPICW,KYG3166N1144,EPIC WARRANTS,Euronext Amsterdam
ERA,FR0000131757,ERAMET,Euronext Paris
ERYP,FR0011471135,ERYTECH PHARMA,Euronext Paris
ESG,NL00150006O3,ESG CORE INVEST,Euronext Amsterdam
ESGT,NL00150006Q8,ESG CORE TREAS SHA,Euronext Amsterdam
ESGWA,NL00150006P0,ESG CORE WARRANTS,Euronext Amsterdam
ESI,FR0004110310,ESI GROUP,Euronext Paris
ALESK,FR0000035818,ESKER,Euronext Growth Paris
ESP,NL0009272137,ESPERITE,Euronext Amsterdam
EL,FR0000121667,ESSILORLUXOTTICA,Euronext Paris
ES,FR0000120669,ESSO,Euronext Paris
ESON,PTESO0AM0000,ESTORIL SOL N,Euronext Lisbon
EFI,FR0000061475,EURASIA FONC INV,Euronext Paris
ALEUA,FR0010844001,EURASIA GROUPE,Euronext Growth Paris
RF,FR0000121121,EURAZEO,Euronext Paris
EUR,FR0000054678,EURO RESSOURCES,Euronext Paris
ALERS,FR0013240934,EUROBIO-SCIENTIFIC,Euronext Growth Paris
ECT,GB00B94QM994,EUROCASTLE INVEST.,Euronext Amsterdam
ECMPA,NL0015000K93,EUROCOMMERCIAL,Euronext Amsterdam
ALECR,FR0013256518,EUROFINS CEREP,Euronext Growth Paris
ERFNV,FR0014006O73,EUROFINS SCIE NV22,Euronext Paris
ERF,FR0014000MR3,EUROFINS SCIENT.,Euronext Paris
MLERO,FR0010157115,EUROLAND CORPORATE,Euronext Access Paris
MLCAN,ES0105586004,EUROLOG CANOLA,Euronext Access Paris
ALEMG,FR0000075343,EUROMEDIS GROUPE,Euronext Growth Paris
EURN,BE0003816338,EURONAV,Euronext Brussels
ENX,NL0006294274,EURONEXT,Euronext Paris
ENXP,NL0006294274,EURONEXT,Euronext Lisbon
ALECP,FR0010490920,EUROPACORP,Euronext Growth Paris
EUCAR,FR0012789949,EUROPCAR MOBILITY,Euronext Paris
ALEUP,FR0013514114,EUROPLASMA,Euronext Growth Paris
ETL,FR0010221234,EUTELSAT COMMUNIC.,Euronext Paris
EFUEL,DK0061414711,EVERFUEL,Euronext Growth Oslo
EGR,FR0000035784,EVERGREEN,Euronext Paris
MLEVE,FR0000044745,EVERSET,Euronext Access Paris
ALTVO,FR0004166197,EVOLIS,Euronext Growth Paris
EVS,BE0003820371,EVS BROADC.EQUIPM.,Euronext Brussels
ALEXA,FR0000064164,EXACOMPTA CLAIREF.,Euronext Growth Paris
EXTX,NO0010852213,EXACT THERAPEUTICS,Euronext Growth Oslo
EXN,FR0014005DA7,EXCLUSIVE NETWORKS,Euronext Paris
EXE,FR0004527638,EXEL INDUSTRIES,Euronext Paris
EXM,BE0003808251,EXMAR,Euronext Brussels
EXPL,FR0014003AQ4,EXPLOSIFS PROD.CHI,Euronext Paris
ALPHI,ES0105029005,FACEPHI,Euronext Growth Paris
FAGR,BE0003874915,FAGRON,Euronext Brussels
MLECE,ES0105553004,FAIFEY INVEST,Euronext Access Paris
MLFMV,PTFNV1AM0002,FARMINVESTE,Euronext Access Lisbon
ALFBA,FR0004034593,FASHION B AIR,Euronext Growth Paris
FAST,NL0013654809,FASTNED,Euronext Amsterdam
EO,FR0000121147,FAURECIA,Euronext Paris
FAUV,FR0000063034,FAUVET GIREL,Euronext Paris
FAYE,FR0000031973,FAYENC.SARREGUEMI.,Euronext Paris
EG7,IE0003290289,FBD HOLDINGS PLC,Euronext Dublin
MLFDV,FR0012300424,FD,Euronext Access Paris
GYQ,GB0031477770,FD TECHNOLOGIES,Euronext Growth Dublin
FDJ,FR0013451333,FDJ,Euronext Paris
FCMC,FR0000062101,FERM.CAS.MUN.CANNE,Euronext Paris
FALG,FR0011271600,FERMENTALG,Euronext Paris
SACI,FR0000061418,FIDUCIAL OFF.SOL.,Euronext Paris
ORIA,FR0000060535,FIDUCIAL REAL EST.,Euronext Paris
FGA,FR0011665280,FIGEAC AERO,Euronext Paris
BERR,FR0000062341,FIN.ETANG BERRE,Euronext Paris
EBPF,FR0000062507,FIN.ETANG BERRE PF,Euronext Paris
FOAF,SN0000033192,FIN.OUEST AFRICAIN,Euronext Paris
FINM,FR0000060824,FINANCIERE MARJOS,Euronext Paris
FNTS,FR0000035123,FINATIS,Euronext Paris
MLFXO,FR0010487272,FINAXO,Euronext Access Paris
FIPP,FR0000038184,FIPP,Euronext Paris
MLFIR,CH0120879058,FIRSTCAUTION,Euronext Access Paris
ALFLE,FR0000074759,FLEURY MICHON,Euronext Growth Paris
FLEXD,PTFXD0AM0018,FLEXDEAL,Euronext Lisbon
FLOB,BE0003215143,FLORIDIENNE,Euronext Brussels
FLOW,NL0011279492,FLOW TRADERS,Euronext Amsterdam
UNI,BE0003847648,FLOWSPARKS,Euronext Access Brussels
FLTR,IE00BWT6H894,FLUTTER ENTERTAIN,Euronext Dublin
FLUX,BE0974265945,FLUXYS BELGIUM D,Euronext Brussels
FLYR,NO0010931900,FLYR,Euronext Growth Oslo
FLYRT,NO0011198111,FLYR TR,Euronext Growth Oslo
FNAC,FR0011476928,FNAC DARTY,Euronext Paris
FNG,BE0974332646,FNG NV,Euronext Brussels
MLFNP,FR0013230067,FNPTECHNOLOGIESSA,Euronext Access Paris
ALFOC,FR0012419307,FOCUS HOME INT,Euronext Growth Paris
LEBL,FR0000065930,FONCIERE 7 INVEST,Euronext Paris
FATL,FR0013455482,FONCIERE ATLAND,Euronext Paris
EURS,FR0000038499,FONCIERE EURIS,Euronext Paris
INEA,FR0010341032,FONCIERE INEA,Euronext Paris
FLY,FR0000033409,FONCIERE LYONNAISE,Euronext Paris
MLVIN,FR0011605617,FONCIERE VINDI,Euronext Access Paris
SPEL,FR0000053944,FONCIERE VOLTA,Euronext Paris
FORE,CI0000053161,FORESTIERE EQUAT.,Euronext Paris
FFARM,NL0011832811,FORFARMERS,Euronext Amsterdam
FORSE,FR0014005SB3,FORSEE POWER,Euronext Paris
FOU,BE0003752665,FOUNTAIN,Euronext Brussels
ALFPC,FR0010485268,FOUNTAINE PAJOT,Euronext Growth Paris
LFDE,FR0013030152,FRANCAISE ENERGIE,Euronext Paris
MLFSG,FR0013222346,FRANCE SOIR GROUPE,Euronext Access Paris
MLFTI,FR0010823724,FRANCE TOURISME,Euronext Access Paris
ALFRE,FR0004187367,FREELANCE.COM,Euronext Growth Paris
FREY,FR0010588079,FREY,Euronext Paris
FUR,NL00150003E1,FUGRO,Euronext Amsterdam
FCP,PTFCP0AM0008,FUT.CLUBE PORTO,Euronext Lisbon
MLGAI,FR0000053415,G.A.I.,Euronext Access Paris
GLPG,BE0003818359,GALAPAGOS,Euronext Amsterdam
MLGAL,FR0011100759,GALEO,Euronext Access Paris
GALIM,FR0000030611,GALIMMO,Euronext Paris
GALP,PTGAL0AM0009,GALP ENERGIA-NOM,Euronext Lisbon
ALBI,FR0000124414,GASCOGNE,Euronext Growth Paris
GAM,FR0000034894,GAUMONT,Euronext Paris
ALGAU,FR0013495298,GAUSSIN,Euronext Growth Paris
GBLB,BE0003797140,GBL,Euronext Brussels
GEA,FR0000053035,GEA GRENOBL.ELECT.,Euronext Paris
ALGEC,FR0000079634,GECI INTL,Euronext Growth Paris
GFC,FR0010040865,GECINA,Euronext Paris
GNE,US3696043013,GENERAL ELECTRIC,Euronext Paris
GENX,FR0010501692,GENERIX GROUP,Euronext Paris
GNRO,CH0308403085,GENEURO,Euronext Paris
GNFT,FR0004163111,GENFIT,Euronext Paris
GENK,BE0003740546,GENK LOGIST. CERT,Euronext Brussels
GV,FR0011799907,GENOMIC VISION,Euronext Paris
ALGEN,FR0004053510,GENOWAY,Euronext Growth Paris
SIGHT,FR0013183985,GENSIGHT BIOLOGICS,Euronext Paris
MLGEQ,PTGVE1AE0009,GENTLEMENS EQUITY,Euronext Access Paris
GOJXN,NL0000430106,GEOJUNXION,Euronext Amsterdam
GEPBS,FR0013483047,GEP BSA 2020,Euronext Growth Paris
GET,FR0010533075,GETLINK SE,Euronext Paris
ALGEV,FR0000033888,GEVELOT,Euronext Growth Paris
GIGA,NO0011013765,GIGANTE SALMON,Euronext Growth Oslo
GIMB,BE0003699130,GIMV,Euronext Brussels
GLO,FR0000066672,GL EVENTS,Euronext Paris
GL9,IE0000669501,GLANBIA PLC,Euronext Dublin
GVR,IE00BD6JX574,GLENVEAGH PROP.PLC,Euronext Dublin
GLINT,PTPAD0AM0007,GLINTT,Euronext Lisbon
ALGBE,FR0011052257,GLOBAL BIOENERGIES,Euronext Growth Paris
MLNDG,ES0105537007,GLOBAL PIELAGO,Euronext Access Paris
GNP,NO0010886013,GNP ENERGY,Euronext Growth Oslo
ALGLD,FR0011208693,GOLD BY GOLD,Euronext Growth Paris
GEOS,NO0010813843,GOLDEN ENERGY OFF,Euronext Growth Oslo
MLGML,FR0013371507,GOUR MEDICAL,Euronext Access Paris
GPE,FR0010214064,GPE GROUP PIZZORNO,Euronext Paris
ALPAR,FR0013204070,GPE PAROT (AUTO),Euronext Growth Paris
GRVO,FR0000065971,GRAINES VOLTZ,Euronext Paris
8GW,IE00B1FR8863,GREAT WESTERN MIN.,Euronext Growth Dublin
MLCMG,FR0013406881,GRECEMAR,Euronext Access Paris
GEM,NO0010907744,GREEN MINERALS,Euronext Growth Oslo
GRP,IE00BF2NR112,GREENCOAT REN.,Euronext Growth Dublin
GVOLT,PTGNV0AM0001,GREENVOLT,Euronext Lisbon
GREEN,BE0003765790,GREENYARD,Euronext Brussels
ALGRO,FR0014005ZM5,GROLLEAU,Euronext Growth Paris
GRONG,NO0010636491,GRONG SPAREBANK,Euronext Growth Oslo
MLSFI,FR00140066X4,GROUP SFIT,Euronext Access Paris
ALKEM,FR00140069V2,GROUPE BERKEM,Euronext Growth Paris
MLGRC,FR0000076960,GROUPE CARNIVOR,Euronext Access Paris
MLCAS,FR0014003RM7,GROUPE CASOL,Euronext Access Paris
CEN,FR0000036675,GROUPE CRIT,Euronext Paris
FLO,FR0014004X25,GROUPE FLO,Euronext Paris
GOE,FR0000062671,GROUPE GORGE,Euronext Paris
ALGIL,FR0012819381,GROUPE GUILLIN,Euronext Growth Paris
IRD,FR0000124232,GROUPE IRD,Euronext Paris
GJAJ,FR0004010338,GROUPE JAJ,Euronext Paris
ALLDL,FR0000075442,GROUPE LDLC,Euronext Growth Paris
OPN,FR0004050300,GROUPE OPEN,Euronext Paris
PARP,FR0012612646,GROUPE PARTOUCHE,Euronext Paris
MLPVG,FR0010529719,GROUPE PLUS-VALUES,Euronext Access Paris
SFPI,FR0004155000,GROUPE SFPI,Euronext Paris
ALGTR,FR0013429404,GROUPE TERA,Euronext Growth Paris
ALIMO,FR0014000RP6,GROUPIMO,Euronext Growth Paris
GTBP,US36254L2097,GT BIOPHARMA INC,Euronext Paris
GTT,FR0011726835,GTT,Euronext Paris
MLGDI,LU1840650458,GUANDAO PUER INVES,Euronext Access Paris
GBT,FR0000032526,GUERBET,Euronext Paris
GUI,FR0000066722,GUILLEMOT,Euronext Paris
ALHEO,CA4433003064,H2O INNOVATION INC,Euronext Growth Paris
HAL,BMG455841020,HAL TRUST,Euronext Amsterdam
ALHGO,GB00BMDXQ672,HAMILTON GLOBAL OP,Euronext Growth Paris
HMSO,GB00BK7YQK64,HAMMERSON PLC,Euronext Dublin
HAMO,BE0974352842,HAMON,Euronext Brussels
HMONY,NO0010921299,HARMONYCHAIN,Euronext Growth Oslo
PIG,FR0000066755,HAULOTTE GROUP,Euronext Paris
HAV,NO0010931918,HAV GROUP,Euronext Growth Oslo
HKY,NO0011045429,HAVILA KYSTRUTEN,Euronext Growth Oslo
HDF,FR0014003VY4,HDF,Euronext Paris
MLAHC,FR0013251584,HEALTH,Euronext Access Paris
HBCN,IE00014QAJZ5,HEALTHBEACON SHA,Euronext Growth Dublin
MLHAY,ES0105498002,HEALTHCARE ACTIVOS,Euronext Access Paris
HEGA,KYG4406A1022,HEDOSOPHIA ORD SHA,Euronext Amsterdam
HEGAU,KYG4406A1287,HEDOSOPHIA UNITS,Euronext Amsterdam
HEGAW,KYG4406A1105,HEDOSOPHIA WARRANT,Euronext Amsterdam
HEIJM,NL0009269109,HEIJMANS,Euronext Amsterdam
HEIA,NL0000009165,HEINEKEN,Euronext Amsterdam
HEIO,NL0000008977,HEINEKEN HOLDING,Euronext Amsterdam
ALHRG,FR0000066540,HERIGE,Euronext Growth Paris
RMS,FR0000052292,HERMES INTL,Euronext Paris
HPUR,NO0010904923,HEXAGON PURUS,Euronext Growth Oslo
HEXA,FR0004159473,HEXAOM,Euronext Paris
ALHF,FR0000038531,HF COMPANY,Euronext Growth Paris
HBRN,IE00BGHQ1986,HIBERNIA REIT PLC,Euronext Dublin
HCO,FR0000054231,HIGH CO,Euronext Paris
HSHIP,BMG4660A1036,HIMALAYA SHIPPING,Euronext Growth Oslo
ALHIO,FR0000077562,HIOLLE INDUSTRIES,Euronext Growth Paris
ALHYP,FR0012821916,HIPAY GROUP,Euronext Growth Paris
ALHIT,FR0010396309,HITECHPROS,Euronext Growth Paris
MLHK,DE000A11Q133,HK,Euronext Access Paris
MLHBB,FR0000051302,HOCHE BAINS L.BAIN,Euronext Access Paris
HAUTO,NO0011082075,HÖEGH AUTOLINERS,Euronext Growth Oslo
ALHGR,FR0013451044,HOFFMANN,Euronext Growth Paris
HOLN,CH0012214059,Holcim Ltd,Euronext Paris
HOLCO,NL0000440311,HOLLAND COLOURS,Euronext Amsterdam
MLHCF,FR0012336691,HOME CONCEPT,Euronext Access Paris
HOMI,BE0003760742,HOME INVEST BE.,Euronext Brussels
MLHPE,FR0010312181,HOPENING,Euronext Access Paris
MLHPI,FR0014000U63,HOPIUM,Euronext Access Paris
HOP,FR0000065278,HOPSCOTCH GROUPE,Euronext Paris
HRGI,NO0010917339,HORISONT ENERGI,Euronext Growth Oslo
HSW,GB00BYYN4225,HOSTELWORLD GROUP,Euronext Dublin
MLHMC,FR0006226791,HOT.MAJESTIC CANNE,Euronext Access Paris
MLHOT,FR0000053738,HOTELIM,Euronext Access Paris
HDP,FR0004165801,HOTELS DE PARIS,Euronext Paris
MLHIN,FR0006563904,HOTL.IMMOB.NICE,Euronext Access Paris
HOC,NO0010781818,HOUSE OF CONTROL,Euronext Growth Oslo
HUDL,NO0010859648,HUDDLESTOCK FINTEC,Euronext Growth Oslo
HDLY,NO0010776990,HUDDLY,Euronext Growth Oslo
HDG,ANN4327C1220,HUNTER DOUGLAS,Euronext Amsterdam
HUNDP,ANN4327C1303,HUNTER DOUGLAS,Euronext Amsterdam
HUNT,NO0010283211,HUNTER GROUP,Euronext Expand Oslo
HYSG,GB00BYN5BY03,HYBRID SOFTWARE GR,Euronext Brussels
ALHYG,FR0004153930,HYBRIGENICS,Euronext Growth Paris
HYDRA,NL0009391242,HYDRATEC,Euronext Amsterdam
MLHYD,FR0000064735,HYDRAULIQUE PB,Euronext Access Paris
MLHYE,FR0005843125,HYDRO-EXPLOIT.,Euronext Access Paris
ALHRS,FR0014001PM5,HYDROGEN REFUELING,Euronext Growth Paris
HYPRO,NO0010892359,HYDROGENPRO,Euronext Growth Oslo
HYL,BE0974363955,HYLORIS,Euronext Brussels
HYN,NO0010920945,HYNION,Euronext Growth Oslo
ALICR,FR0014005IU4,I.CERAM,Euronext Growth Paris
I2PO,FR0014004J15,I2PO SHARES,Euronext Paris
I2POW,FR0014004JF6,I2PO WARRANTS,Euronext Paris
ALI2S,FR0005854700,I2S,Euronext Growth Paris
MLINT,ES0105479002,IANTE INVESTMENTS,Euronext Access Paris
IBAB,BE0003766806,IBA,Euronext Brussels
ICAD,FR0000035081,ICADE,Euronext Paris
IFISH,NO0010884794,ICE FISH FARM,Euronext Growth Oslo
ICEGR,NO0010734742,ICE GROUP,Euronext Expand Oslo
ISLAX,NO0010724701,ICELANDIC SALMON,Euronext Growth Oslo
IDL,FR0010929125,ID LOGISTICS GROUP,Euronext Paris
IDIP,FR0000051393,IDI,Euronext Paris
MLIDS,FR0000079691,IDS,Euronext Access Paris
ALIDS,FR0000062184,IDSUD,Euronext Growth Paris
IEP,BE0003748622,IEP INVEST,Euronext Brussels
IEX,NL0010556726,IEX GROUP NV,Euronext Amsterdam
IGE,FR0000030827,IGE + XAO,Euronext Paris
MLABC,ES0105551008,IGIS NEPTUNE,Euronext Access Paris
ALIKO,FR00140048X2,IKONISYS,Euronext Growth Paris
ALIE,IT0005380602,ILBE,Euronext Growth Paris
MLIML,FR0010086371,IMALLIANCE,Euronext Access Paris
IMCD,NL0010801007,IMCD,Euronext Amsterdam
NK,FR0000120859,IMERYS,Euronext Paris
MLIPP,FR0006859039,IMM.PARIS.PERLE,Euronext Access Paris
ALIMR,FR0013060100,IMMERSION,Euronext Growth Paris
MCC,BE0974287196,IMMO MCC,Euronext Brussels
IMMOU,BE0003893139,IMMO MOURY,Euronext Brussels
IMDA,FR0000033243,IMMOB.DASSAULT,Euronext Paris
IMMO,BE0003599108,IMMOBEL,Euronext Brussels
IMMOP,BE0003866838,IMMOPOOL,Euronext Expert Market
GPA,PTGPA0AP0007,IMOB.C GRAO PARA,Euronext Lisbon
ALIMP,FR0013470168,IMPLANET,Euronext Growth Paris
MLIMP,FR0000065773,IMPRIMERIE CHIRAT,Euronext Access Paris
MLIFS,ES0105590006,IMPULSE FITNESS,Euronext Access Paris
INA,PTINA0AP0008,INAPA-INV.P.GESTAO,Euronext Lisbon
INCLU,BE0974374069,INCLUSIO SA/NV,Euronext Brussels
INFE,FR0000066219,INDLE FIN.ENTREPR.,Euronext Paris
INDCT,NO0010536048,INDUCT,Euronext Growth Oslo
MLIFC,FR0011158823,INFOCLIP,Euronext Access Paris
INF,FR0000071797,INFOTEL,Euronext Paris
INGA,NL0011821202,ING GROEP N.V.,Euronext Amsterdam
MLINM,ES0105511002,INMARK,Euronext Access Paris
MLISP,ES0105473005,INMOSUPA,Euronext Access Paris
IPH,FR0010331421,INNATE PHARMA,Euronext Paris
ALINN,FR0000064297,INNELEC MULTIMEDIA,Euronext Growth Paris
MLIDP,GB00BT9PTW34,INNOVADERMA PLC,Euronext Access Paris
MLIRF,IT0005391161,INNOVATIVE RFK SPA,Euronext Access Paris
INPST,LU2290522684,INPOST,Euronext Amsterdam
INSTA,NO0010762792,INSTABANK,Euronext Growth Oslo
ALLUX,FR0000060451,INSTALLUX,Euronext Growth Paris
ALINT,FR0010908723,INTEGRAGEN,Euronext Growth Paris
IWS,NO0010955883,INTEGRATED WIND SO,Euronext Growth Oslo
MLVIE,FR0014003FN0,INTEGRITAS VIAGER,Euronext Access Paris
ITP,FR0004024222,INTERPARFUMS,Euronext Paris
INTER,NL0010937058,INTERTRUST,Euronext Amsterdam
INTO,BE0003746600,INTERVEST OFF-WARE,Euronext Brussels
ITXT,FR0000064958,INTEXA,Euronext Paris
ALINS,FR0011179886,INTRASENSE,Euronext Growth Paris
IVA,FR0013233012,INVENTIVA,Euronext Paris
ALINV,BE0974299316,INVIBES ADVERTSING,Euronext Growth Paris
MLIOC,BE6200101556,IOC HOLDING,Euronext Access Paris
MLIPO,ES0105417002,IPOSA PROPERTIES,Euronext Access Paris
IPN,FR0010259150,IPSEN,Euronext Paris
IPS,FR0000073298,IPSOS,Euronext Paris
IPSNV,FR00140078W1,IPSOS NV22,Euronext Paris
IR5B,IE00BLP58571,IRISH CONT. GP.,Euronext Dublin
IRES,IE00BJ34P519,IRISH RES. PROP.,Euronext Dublin
ALISP,ES0109429037,ISPD,Euronext Growth Paris
ALITL,FR0000072597,IT LINK,Euronext Growth Paris
MLITN,IT0005336521,ITALY INNOVAZIONI,Euronext Access Paris
ITE,FR0004026151,ITESOFT,Euronext Paris
JBOG,FR0012872141,JACQUES BOGART,Euronext Paris
JCQ,FR0000033904,JACQUET METALS,Euronext Paris
DEC,FR0000077919,JC DECAUX SA.,Euronext Paris
JDEP,NL0014332678,JDE PEET'S,Euronext Amsterdam
JEN,BE0003858751,JENSEN-GROUP,Euronext Brussels
MLJSA,FR0010680033,JSA TECHNOLOGY,Euronext Access Paris
TKWY,NL0012015705,JUST EAT TAKEAWAY,Euronext Amsterdam
KAL,NO0010874597,KALERA,Euronext Growth Oslo
ALKAL,FR0010722819,KALRAY,Euronext Growth Paris
KOF,FR0004007813,KAUFMAN ET BROAD,Euronext Paris
KBC,BE0003565737,KBC,Euronext Brussels
KBCA,BE0003867844,KBC ANCORA,Euronext Brussels
KENDR,NL0000852531,KENDRION,Euronext Amsterdam
KMR,IE00BDC5DG00,KENMARE RESOURCES,Euronext Dublin
KER,FR0000121485,KERING,Euronext Paris
ALKLK,FR0013156007,KERLINK,Euronext Growth Paris
KRZ,IE0004906560,KERRY GROUP PLC,Euronext Dublin
ALKEY,FR0004029411,KEYRUS,Euronext Growth Paris
KEYW,BE0003880979,KEYWARE TECH.,Euronext Brussels
KIN,BE0974274061,KINEPOLIS GROUP,Euronext Brussels
KRX,IE0004927939,KINGSPAN GROUP PLC,Euronext Dublin
ALKKO,FR0013374667,KKO INTERNATIONAL,Euronext Growth Paris
ALKLA,FR0011038348,KLARSEN,Euronext Growth Paris
LI,FR0000121964,KLEPIERRE,Euronext Paris
ALSIM,GB00B19RTX44,KLIMVEST,Euronext Growth Paris
ALKOM,ES0105425005,KOMPUESTOS,Euronext Growth Paris
KORI,FR0010386334,KORIAN,Euronext Paris
KPN,NL0000009082,KPN KON,Euronext Amsterdam
KRAB,NO0010815103,KRAFT BANK,Euronext Growth Oslo
MLKTS,ES0105536009,KTESIOS REAL ESTAT,Euronext Access Lisbon
ALVAP,FR0013419876,KUMULUS VAPE,Euronext Growth Paris
VAPBS,FR0014001KF0,KUMULUSBSA2020,Euronext Growth Paris
KYOTO,NO0010936750,KYOTO GROUP,Euronext Growth Oslo
OR,FR0000120321,L'OREAL,Euronext Paris
ALPER,NL0012191662,LA PERLA FASHION,Euronext Growth Paris
LACR,FR0000066607,LACROIX GROUP,Euronext Paris
MMB,FR0000130213,LAGARDERE SA,Euronext Paris
ALLAN,FR0004027068,LANSON-BCC,Euronext Growth Paris
ALLGO,FR0013308582,LARGO,Euronext Growth Paris
LAT,FR0000032278,LATECOERE,Euronext Paris
LPE,FR0006864484,LAURENT-PERRIER,Euronext Paris
LVIDE,NL0010545679,LAVIDE HOLDING,Euronext Amsterdam
LOUP,FR0013204336,LDC,Euronext Paris
ALTAN,FR0000075673,LE TANNEUR,Euronext Growth Paris
LBON,FR0000121295,LEBON,Euronext Paris
LSS,FR0000065484,LECTRA,Euronext Paris
LSSNV,FR00140078U5,LECTRA NV22,Euronext Paris
LR,FR0010307819,LEGRAND,Euronext Paris
MLPAP,FR0014003I41,LES AGENCES DE PAP,Euronext Access Paris
ALLHB,FR0007080254,LES HOTELS BAVEREZ,Euronext Growth Paris
TBMBT,FR0013483401,LESTQBLANC202212BS,Euronext Growth Paris
ALLEX,FR0000033599,LEXIBOOK LINGUIST.,Euronext Growth Paris
LIFE,NO0010591191,LIFECARE,Euronext Growth Oslo
LIN,FR0004156297,LINEDATA SERVICES,Euronext Paris
LIG,PTLIG0AE0002,LISGRAFICA,Euronext Lisbon
FII,FR0000050353,LISI,Euronext Paris
LIT,PTLIT0AE0005,LITHO FORMAS,Euronext Access Lisbon
ALLLN,ES0105089009,LLEIDA,Euronext Growth Paris
LNA,FR0004170017,LNA SANTE,Euronext Paris
MLLOI,FR0004155208,LOCASYSTEM INTL,Euronext Access Paris
ALLOG,FR0000044943,LOGIC INSTRUMENT,Euronext Growth Paris
MLLOG,ES0105333001,LOGIS CONFORT,Euronext Access Paris
MLCAC,FR0006205019,LOMBARD ET MEDOT,Euronext Access Paris
LOTB,BE0003604155,LOTUS BAKERIES,Euronext Brussels
BOLS,NL0010998878,LUCASBOLS,Euronext Amsterdam
ALUCI,FR0011884378,LUCIBEL,Euronext Growth Paris
LUCBS,FR0013525953,LUCIBEL BS,Euronext Growth Paris
LUMI,NO0010927288,LUMI GRUPPEN,Euronext Growth Oslo
LBIRD,FR0000038242,LUMIBIRD,Euronext Paris
MLV4S,BE6201089735,LV4S,Euronext Access Paris
MC,FR0000121014,LVMH,Euronext Paris
LYS,FR0013233475,LYSOGENE,Euronext Paris
LYTIX,NO0010405780,LYTIX BIOPHARMA,Euronext Growth Oslo
MVW,NO0010976343,M VEST WATER,Euronext Growth Oslo
MRM,FR0000060196,M.R.M,Euronext Paris
ALMII,FR0013270626,M2I,Euronext Growth Paris
MAAT,FR0012634822,MAAT PHARMA,Euronext Paris
MLMAD,FR0010328302,MADE,Euronext Access Paris
ALMNG,FR0010812230,MADVERTISE,Euronext Growth Paris
MLMGL,FR0010827741,MAGILLEM,Euronext Access Paris
MLMAB,FR0000061657,MAIS.ANTOINE BAUD,Euronext Access Paris
MLCLI,FR0011092089,MAISON CLIO BLUE,Euronext Access Paris
MDM,FR0013153541,MAISONS DU MONDE,Euronext Paris
MAJ,LU2382956378,MAJOREL GROUP LUX,Euronext Amsterdam
ALMAK,FR0000072993,MAKHEIA GROUP,Euronext Growth Paris
ALMKS,ES0105463006,MAKING SCIENCE,Euronext Growth Paris
MLC,IE00BVGC3741,MALIN CORP. PLC,Euronext Growth Dublin
MALT,FR0000030074,MALTERIES FCO-BEL.,Euronext Paris
MTU,FR0000038606,MANITOU BF,Euronext Paris
MAN,FR0000032302,MANUTAN INTL,Euronext Paris
MLMAQ,ES0105447009,MAQ ADMON. URBANAS,Euronext Access Paris
ALMAR,FR0013400835,MARE NOSTRUM,Euronext Growth Paris
MAREL,IS0000000388,MAREL,Euronext Amsterdam
IAM,MA0000011488,MAROC TELECOM,Euronext Paris
MAR,PTMFR0AM0003,MARTIFER,Euronext Lisbon
MAS,NO0010974983,MÅSØVAL,Euronext Growth Oslo
ALMAS,FR0004155687,MASTRAD,Euronext Growth Paris
MASBS,FR0013472446,MASTRAD BS29,Euronext Growth Paris
MKEA,FR0010609263,MAUNA KEA TECH,Euronext Paris
MAU,FR0000051070,MAUREL ET PROM,Euronext Paris
MBWS,FR0000060873,MBWS,Euronext Paris
MBWBT,FR0013404944,MBWS BSA 2022,Euronext Paris
MBWSZ,FR0013066313,MBWS BSAR 2023,Euronext Paris
MCPHY,FR0011742329,MCPHY ENERGY,Euronext Paris
MDXH,BE0003844611,MDXHEALTH,Euronext Brussels
ALMDP,FR0010844464,MEDESIS PHARMA,Euronext Growth Paris
EDI,FR0000064404,MEDIA 6,Euronext Paris
MCP,PTGMC0AM0003,MEDIA CAPITAL,Euronext Lisbon
MLLAB,IT0005324105,MEDIA LAB,Euronext Access Paris
ALKER,IT0005380438,MEDIA MAKER,Euronext Growth Paris
ALMDT,FR0011049824,MEDIANTECHNOLOGIES,Euronext Growth Paris
MEDCL,FR0004065605,MEDINCELL,Euronext Paris
MLMCE,IT0004844848,MEDIOCREDITO EUROP,Euronext Access Paris
MELE,BE0165385973,MELEXIS,Euronext Brussels
MEMS,FR0010298620,MEMSCAP REGPT,Euronext Paris
MERY,FR0010241638,MERCIALYS,Euronext Paris
MRK,US58933Y1055,MERCK AND CO INC,Euronext Paris
MLMIV,ES0105559001,MERIDIA RE IV,Euronext Access Paris
MRL,ES0105025003,MERLIN PROPERTIES,Euronext Lisbon
MRN,FR0000039620,MERSEN,Euronext Paris
METEX,FR0004177046,METABOLIC EXPLORER,Euronext Paris
MLETA,FR0010492181,METALLIANCE,Euronext Access Paris
ALMET,FR0011217710,METHANOR,Euronext Growth Paris
ALMTH,IT0004615396,METHORIOS CAPITAL,Euronext Growth Paris
MLMIB,BE0974328602,METRICS IN BALANCE,Euronext Access Paris
MMT,FR0000053225,METROPOLE TV,Euronext Paris
ALMGI,FR0010204453,MG INTERNATIONAL,Euronext Growth Paris
ALMDG,FR0010353888,MGI DIGITAL GRAPHI,Euronext Growth Paris
ML,FR0000121261,MICHELIN,Euronext Paris
MUN,FR0000077570,MICROPOLE,Euronext Paris
MLSKN,GB00BF553726,MICROSKIN,Euronext Access Paris
MLNMA,FR0010500363,MIGUET ET ASSOCIES,Euronext Access Paris
MIKO,BE0003731453,MIKO,Euronext Brussels
ALMLB,FR0013053535,MILIBOO,Euronext Growth Paris
MIO,IE00BD64C665,MINCON GROUP PLC,Euronext Growth Dublin
ALBUD,FR0004172450,MINT,Euronext Growth Paris
MNTR,NO0010895022,MINTRA HOLDING,Euronext Growth Oslo
MITRA,BE0974283153,MITHRA,Euronext Brussels
NEDSE,NL0009312842,MKB Nedsense,Euronext Amsterdam
MLAMY,FR0013268067,MLD,Euronext Access Paris
ALMND,FR00140050Q2,MND,Euronext Growth Paris
GRW,GB00BY7QYJ50,MOLTEN VENTURES,Euronext Dublin
MONC,FR0000076986,MONCEY (FIN.) NOM.,Euronext Paris
MLMON,FR0010882886,MONFINANCIER,Euronext Access Paris
MONT,BE0003853703,MONTEA,Euronext Brussels
MLMR,PTMNN0AE0006,MONUMENTAL RES,Euronext Access Lisbon
MOP,NL0000488153,MOPOLI,Euronext Brussels
MOPF,NL0000488161,MOPOLI FOND,Euronext Brussels
MORE,CWN814651014,MOREFIELD GROUP,Euronext Amsterdam
EGL,PTMEN0AE0005,MOTA ENGIL,Euronext Lisbon
MTRK,GB00BMXH3352,MOTORK,Euronext Amsterdam
ALMOU,FR0011033083,MOULINVEST,Euronext Growth Paris
MOUR,BE0003602134,MOURY CONSTRUCT,Euronext Brussels
MPCES,NL0015268814,MPC ENERGY SOLUTIO,Euronext Growth Oslo
ALMRB,FR0004034320,MR BRICOLAGE,Euronext Growth Paris
MLMTD,FR0010518936,MTD FINANCE,Euronext Access Paris
MLMUL,FR0012990968,MULANN,Euronext Access Paris
MLM24,PTMUS0AM0018,MULTI 24,Euronext Access Lisbon
ALMUN,FR0013462231,MUNIC,Euronext Growth Paris
GREV,FR0000037970,MUSEE GREVIN,Euronext Paris
NACON,FR0013482791,NACON,Euronext Paris
NAI,NL0015000CG2,NAI ORD SHARES,Euronext Amsterdam
NAITR,NL0015000CF4,NAI TREAS SHARES,Euronext Amsterdam
NAIW,NL0015000CH0,NAI WARRANTS,Euronext Amsterdam
ALNMR,FR0014003J32,NAMR,Euronext Growth Paris
NANO,FR0011341205,NANOBIOTIX,Euronext Paris
NAVYA,FR0013018041,NAVYA,Euronext Paris
NEDAP,NL0000371243,NEDAP,Euronext Amsterdam
MLNEO,FR0004157543,NEOCOM MULTIMEDIA,Euronext Access Paris
NEOEN,FR0011675362,NEOEN,Euronext Paris
ALNLF,FR0011636083,NEOLIFE,Euronext Growth Paris
NLFBS,FR0013282936,NEOLIFE BS,Euronext Growth Paris
ALNEV,FR0004032746,NEOVACS,Euronext Growth Paris
NRP,IM00BDD7WV31,NEPI ROCKCASTLE,Euronext Amsterdam
ALNTG,FR0004154060,NETGEM,Euronext Growth Paris
NOC,GB00BF2PG875,NETOIL CAPITAL,Euronext Growth Oslo
MLNEU,BE0003680916,NEUFCOUR-FIN.,Euronext Access Brussels
NRO,FR0004050250,NEURONES,Euronext Paris
NSE,NL0009822014,NEW SOURCES ENERGY,Euronext Amsterdam
NEWAY,NL0000440618,NEWAYS ELECTRONICS,Euronext Amsterdam
NEWT,BE0003832491,NEWTREE,Euronext Access Brussels
NEX,FR0000044448,NEXANS,Euronext Paris
NXI,FR0010112524,NEXITY,Euronext Paris
ALNOR,PTNEX0AM0002,NEXPONOR-SICAFI,Euronext Growth Lisbon
ALNXT,FR0004171346,NEXTEDIA,Euronext Growth Paris
NEXTA,BE0003770840,NEXTENSA,Euronext Brussels
NEXTS,FR0012789386,NEXTSTAGE,Euronext Paris
ALNFL,FR0014003XT0,NFL BIOSCIENCES,Euronext Growth Paris
NHOA,FR0012650166,NHOA,Euronext Paris
COX,FR0013018124,NICOX,Euronext Paris
NISB,NO0010733082,NIDAROS SPAREBANK,Euronext Growth Oslo
NN,NL0010773842,NN GROUP,Euronext Amsterdam
NOKIA,FI0009000681,NOKIA,Euronext Paris
NCOD,NO0010892912,NORCOD,Euronext Growth Oslo
NORDH,NO0011002651,NORDHEALTH A-AKSJE,Euronext Growth Oslo
NOAP,DK0061414638,NORDIC AQUA PART,Euronext Growth Oslo
NOHAL,NO0003058109,NORDIC HALIBUT,Euronext Growth Oslo
NOM,NO0010317340,NORDIC MINING,Euronext Expand Oslo
NUMND,NO0010907090,NORDIC UNMANNED,Euronext Growth Oslo
NORSE,NO0010946445,NORSE ATLANTIC,Euronext Growth Oslo
NSOL,NO0010941925,NORSK SOLAR,Euronext Growth Oslo
NTI,NO0010969108,NORSK TITANIUM,Euronext Growth Oslo
NTEL,NO0010900087,NORTEL,Euronext Growth Oslo
NORTH,NO0010550056,NORTH ENERGY,Euronext Expand Oslo
NBX,NO0010984966,NORWEGIAN BLOCK EX,Euronext Growth Oslo
NOS,PTZON0AM0006,"NOS, SGPS",Euronext Lisbon
ALNOV,FR0010397232,NOVACYT,Euronext Growth Paris
MLNOV,FR0000185464,NOVATECH IND.,Euronext Access Paris
ALNOX,NL0012044762,NOXXON,Euronext Growth Paris
NR21,FR0014001PV6,NR21,Euronext Paris
NRG,FR0000121691,NRJ GROUP,Euronext Paris
ALNSC,FR0000064529,NSC GROUPE,Euronext Growth Paris
ALNSE,FR0004065639,NSE,Euronext Growth Paris
NSI,NL0012365084,NSI N.V.,Euronext Amsterdam
NXFIL,NL0015000D50,NX FILTRATION,Euronext Amsterdam
NYKD,NO0010714785,NYKODE THERAPEUTIC,Euronext Growth Oslo
NYR,BE0974294267,NYRSTAR,Euronext Brussels
NYXH,BE0974358906,NYXOAH,Euronext Brussels
MLOSA,FR0013072741,O SORBET D AMOUR,Euronext Access Paris
ALOBR,FR0010330613,OBER,Euronext Growth Paris
ALBIZ,FR0014003711,OBIZ,Euronext Growth Paris
OBSRV,NO0010865009,OBSERVE MEDICAL,Euronext Expand Oslo
OSUN,NO0010887565,OCEAN SUN,Euronext Growth Oslo
OCI,NL0010558797,OCI,Euronext Amsterdam
MLOCT,FR0013310281,OCTOPUS BIOSAFETY,Euronext Access Paris
ODYSY,LU2355630455,ODYSSEY ORD SHARES,Euronext Amsterdam
ODYSW,LU2355630968,ODYSSEY WARRANTS,Euronext Amsterdam
SBT,FR0000052680,OENEO,Euronext Paris
OLG,FR0010428771,OL GROUPE,Euronext Paris
MLORE,PTOTP0AM0004,OLIMPO REAL ESTATE,Euronext Access Lisbon
ALODC,FR0014003T71,OMER-DECUGIS & CIE,Euronext Growth Paris
ALONC,FR0011766229,ONCODESIGN,Euronext Growth Paris
MLOEX,FR0013266772,ONE EXPERIENCE,Euronext Access Paris
MLONL,FR0004174712,ONLINEFORMAPRO,Euronext Access Paris
ONTEX,BE0974276082,ONTEX GROUP,Euronext Brussels
ONWD,NL0015000HT4,ONWARD MEDICAL,Euronext Brussels
ALONX,FR0010095596,ONXEO,Euronext Growth Paris
ORPH,GB00B9275X97,OPEN ORPHAN PLC,Euronext Growth Dublin
ORA,FR0000133308,ORANGE,Euronext Paris
OBEL,BE0003735496,ORANGE BELGIUM,Euronext Brussels
ORANW,NL0000370419,ORANJEWOUD A,Euronext Amsterdam
ORAP,FR0000075392,ORAPI,Euronext Paris
ORAPB,FR0013522216,ORAPI BSA,Euronext Paris
MLORB,ES0105490009,ORBIS PROPERTIES,Euronext Access Paris
ORDI,NL0000440584,ORDINA,Euronext Amsterdam
ALORD,FR0013318052,ORDISSIMO,Euronext Growth Paris
OREGE,FR0010609206,OREGE,Euronext Paris
ORE,PTORE0AM0002,OREY ANTUNES ESC.,Euronext Lisbon
OIZ,IE00B1WV4493,ORIGIN ENT. PLC,Euronext Growth Dublin
MLORQ,ES0105534004,ORINOQUIA,Euronext Access Paris
ORQ1,IE00BF0MZF04,ORMONDE MINING PLC,Euronext Growth Dublin
ORN,NO0010934748,ØRN SOFTWARE HLD.,Euronext Growth Oslo
ORP,FR0000184798,ORPEA,Euronext Paris
OSE,FR0012127173,OSE IMMUNO,Euronext Paris
ALOSM,FR0013231180,OSMOZIS,Euronext Growth Paris
OTOVO,NO0010809783,OTOVO,Euronext Growth Oslo
OVH,FR0014005HJ9,OVH,Euronext Paris
OVXA,IE00B4XVDC01,OVOCA BIO PLC,Euronext Growth Dublin
OXUR,BE0003846632,OXURION,Euronext Brussels
ICE,BE0003860773,OZ GROUP,Euronext Expert Market
MLPAC,FR0000077992,PACTE NOVATION,Euronext Access Paris
PID,FR0013318813,PARAGON ID,Euronext Paris
PAR,FR0010263202,PAREF,Euronext Paris
PARRO,FR0004038263,PARROT,Euronext Paris
PABSA,FR0013054269,PARROT BSA 1,Euronext Paris
PABSB,FR0013054335,PARROT BSA 2,Euronext Paris
MLHOP,FR0006823092,PART.INDLES MINI.,Euronext Access Paris
MLPRX,NL0012650535,PARX MATERIALS NV,Euronext Access Paris
PSAT,FR0000038465,PASSAT,Euronext Paris
PSKY,NO0010895667,PATIENTSKY GROUP,Euronext Growth Oslo
PAT,FR0011027135,PATRIMOINE ET COMM,Euronext Paris
ALPTR,PTPRS0AM0017,PATRIS,Euronext Growth Lisbon
ALPAU,FR0013479730,PAULIC MEUNERIE,Euronext Growth Paris
PAY,IL0010830391,PAYTON PLANAR,Euronext Brussels
PCA,FR0000053514,PCAS,Euronext Paris
PEACE,NL0015000H31,PEGASUS ENTREP SHA,Euronext Amsterdam
PEACW,NL0015000H56,PEGASUS ENTREP WAR,Euronext Amsterdam
PACE,NL00150009D0,PEGASUS ORD SHARES,Euronext Amsterdam
PACEU,NL00150009E8,PEGASUS UNITS,Euronext Amsterdam
PACEW,NL00150009B4,PEGASUS WARRANTS,Euronext Amsterdam
IL0A,IE00BWB8X525,PERM. TSB GP. HOLD,Euronext Dublin
RI,FR0000120693,PERNOD RICARD,Euronext Paris
PERR,FR0000061459,PERRIER (GERARD),Euronext Paris
MLPER,ES0105612008,PERSEIDA RENTA,Euronext Access Paris
PSH,GG00BPFJTF46,PERSHING,Euronext Amsterdam
P8ET,IE00B0Q82B24,PETRONEFT RES.,Euronext Growth Dublin
PNOR,AU0000057408,PETRONOR E&P LTD,Euronext Expand Oslo
PEUG,FR0000064784,PEUGEOT INVEST,Euronext Paris
PHA,FR0012882389,PHARMAGEST INTER.,Euronext Paris
ALPHS,BE0974302342,PHARMASIMPLE,Euronext Growth Paris
PHARM,NL0010391025,PHARMING GROUP,Euronext Amsterdam
ALPHA,FR0011191287,PHARNEXT,Euronext Growth Paris
PHR,PTPTC0AM0009,PHAROL,Euronext Lisbon
ALPHE,FR0011651694,PHERECYDES PHARMA,Euronext Growth Paris
INPHI,NL0000009322,PHILIPS BUY BACK,Euronext Amsterdam
PHIA,NL0000009538,PHILIPS KON,Euronext Amsterdam
PHLY,NO0010395577,PHILLY SHIPYARD,Euronext Expand Oslo
MLPHW,FR0000185480,PHONE WEB,Euronext Access Paris
MLPHO,BE0948608451,PHOTONIKE CAPITAL,Euronext Access Paris
PIC,BE0003807246,PICANOL,Euronext Brussels
VAC,FR0000073041,PIERRE VACANCES,Euronext Paris
PPG,NO0010735681,PIONEER PROPERTY,Euronext Expand Oslo
ALPDX,FR0000061608,PISCINES DESJOYAUX,Euronext Growth Paris
ALPIX,FR0011950641,PIXIUM VISION,Euronext Growth Paris
MLPLC,FR0000030769,PLACOPLATRE,Euronext Access Paris
ALPLA,FR0010211037,PLANET MEDIA,Euronext Growth Paris
ALPAT,FR0010785790,PLANT ADVANCED,Euronext Growth Paris
PATBS,FR0011844067,PLANT ADVANCED BS,Euronext Growth Paris
PVL,FR0013252186,PLAST.VAL LOIRE,Euronext Paris
POM,FR0000124570,PLASTIC OMNIUM,Euronext Paris
PMG,NO0010890726,PLAY MAGNUS,Euronext Growth Oslo
PORF,NL0000378669,PORCELEYNE FLES,Euronext Amsterdam
PNL,NL0009739416,POSTNL,Euronext Amsterdam
ALPJT,FR0000066441,POUJOULAT,Euronext Growth Paris
ALPOU,FR0013015583,POULAILLON,Euronext Growth Paris
POXEL,FR0012432516,POXEL,Euronext Paris
PPLAA,BMG7209L1000,PPLA CLASS A,Euronext Amsterdam
PPLAB,BMG7209L1182,PPLA CLASS B,Euronext Amsterdam
PPLA,US69355L1098,PPLA European Unit,Euronext Amsterdam
PREC,FR0014004EC4,PRECIA,Euronext Paris
ALPRE,FR0010169920,PREDILIFE,Euronext Growth Paris
ALPRI,FR0004044600,PRISMAFLEX INTL,Euronext Growth Paris
PROAC,FR0004052561,PROACTIS SA,Euronext Paris
ALPRO,FR0010313486,PRODWARE,Euronext Growth Paris
PWG,FR0012613610,PRODWAYS,Euronext Paris
PROL,FR0010380626,PROLOGUE,Euronext Paris
PROBT,FR0013398617,PROLOGUE BSA,Euronext Growth Paris
PROBS,FR0013268042,PROLOGUE BSA 2017,Euronext Growth Paris
MLPRI,FR0000061376,PROP.IMMEUBLES,Euronext Access Paris
PRX,NL0013654783,PROSUS,Euronext Amsterdam
MLPRO,CA74375L1058,PROVENTURE GOLD,Euronext Access Paris
PZQA,IE00B66B5T26,PROVIDENCE RES.,Euronext Growth Dublin
PROXI,NO0010893902,PROXIMAR SEAFOOD,Euronext Growth Oslo
PROX,BE0003810273,PROXIMUS,Euronext Brussels
PRYME,NL00150005Z1,PRYME,Euronext Growth Oslo
PUBBS,FR0000312928,PUBLICIS BSA,Euronext Paris
PUB,FR0000130577,PUBLICIS GROUPE SA,Euronext Paris
PYRUM,DE000A2G8ZX8,PYRUM INNOVATIONS,Euronext Growth Oslo
QRF,BE0974272040,QRF,Euronext Brussels
QDT,FR0000120560,QUADIENT,Euronext Paris
ALQP,ES0105118006,QUADPACK,Euronext Growth Paris
QFUEL,NO0010785967,QUANTAFUEL,Euronext Growth Oslo
ALQGC,FR0011648971,QUANTUM GENOMICS,Euronext Growth Paris
QUEST,NO0011019119,QUESTBACK GROUP,Euronext Growth Oslo
QFG,BE0003730448,QUESTFOR GR-PRICAF,Euronext Brussels
ALQWA,FR0010889386,QWAMPLIFY,Euronext Growth Paris
QWABS,FR0013472677,QWAMPLIFY BSAANE,Euronext Growth Paris
R8P,NO0010859689,R8 PROPERTY,Euronext Growth Oslo
MLRZE,PTRIZ0AM0009,RAIZE,Euronext Access Lisbon
RAL,FR0000060618,RALLYE,Euronext Paris
RAM,PTFRV0AE0004,RAMADA,Euronext Lisbon
GDS,FR0000044471,RAMSAY GEN SANTE,Euronext Paris
RANA,NO0010907389,RANA GRUBER,Euronext Growth Oslo
RAND,NL0000379121,RANDSTAD NV,Euronext Amsterdam
ALRPD,GB00BLG2TX24,RAPID NUTRITION,Euronext Growth Paris
ML350,FR0012395457,RAPIDO PRET,Euronext Access Paris
REAL,BE0003841583,REALCO,Euronext Access Brussels
ALREA,FR0011858190,REALITES,Euronext Growth Paris
REC,BE0003656676,RECTICEL,Euronext Brussels
RX,FR0000120388,RECYLEX S.A.,Euronext Paris
REI,BE0003829463,REIBEL,Euronext Access Brussels
REINA,LU0383812293,REINET INVESTMENTS,Euronext Amsterdam
REN,GB00B2B0DG97,RELX,Euronext Amsterdam
RCO,FR0000130395,REMY COINTREAU,Euronext Paris
RENE,PTREL0AM0008,REN,Euronext Lisbon
RNO,FR0000131906,RENAULT,Euronext Paris
RWI,GB00BNR4T868,RENEWI,Euronext Amsterdam
MLJDL,ES0105550000,RES GESTAE SOCIMI,Euronext Access Paris
RES,BE0003707214,RESILUX,Euronext Brussels
RET,BE0003720340,RETAIL ESTATES,Euronext Brussels
MLREX,FR0000077232,REVIVAL EXPANSION,Euronext Access Paris
ALREW,FR0010820274,REWORLD MEDIA,Euronext Growth Paris
RXL,FR0010451203,REXEL,Euronext Paris
ALRIB,FR0000075954,RIBER,Euronext Growth Paris
RIVER,MT0001710103,RIVER TECH,Euronext Growth Oslo
RBT,FR0000039091,ROBERTET,Euronext Paris
CBR,FR0000045619,ROBERTET CDV 87,Euronext Paris
CBE,FR0000045601,ROBERTET CI,Euronext Paris
RBO,FR0013344173,ROCHE BOBOIS,Euronext Paris
ALROC,FR0010523167,ROCTOOL,Euronext Growth Paris
ROCBT,FR0013477593,ROCTOOL BSA 2020-2,Euronext Growth Paris
ROMER,NO0010808405,ROMERIKE SPAREBK,Euronext Growth Oslo
ROM,BMG763301022,ROMREAL,Euronext Expand Oslo
ROMSB,NO0010759988,ROMSDAL SPAREBANK,Euronext Growth Oslo
ROOD,NL0000440477,ROODMICROTEC,Euronext Amsterdam
ENGB,BE0003575835,ROSIER,Euronext Brussels
ROTH,FR0000031684,ROTHSCHILD & CO,Euronext Paris
ALRGR,FR0000037640,ROUGIER S.A.,Euronext Growth Paris
ROU,BE0003741551,ROULARTA,Euronext Brussels
MLROU,FR0000035750,ROUSSELET CENTRIF.,Euronext Access Paris
RDSA,GB00B03MLX29,ROYAL DUTCH SHELLA,Euronext Amsterdam
RDSB,GB00B03MM408,ROYAL DUTCH SHELLB,Euronext Amsterdam
MLRSR,ES0105505004,RSR SINGULAR,Euronext Access Lisbon
RUI,FR0013269123,RUBIS,Euronext Paris
RYA,IE00BYTBXV33,RYANAIR HOLD. PLC,Euronext Dublin
SCB,PTSCB0AM0001,S.CLUBE BRAGA,Euronext Access Lisbon
SK,FR0000121709,S.E.B.,Euronext Paris
ALSAF,FR0013467123,SAFE,Euronext Growth Paris
SAF,FR0000073272,SAFRAN,Euronext Paris
SGO,FR0000125007,SAINT GOBAIN,Euronext Paris
SABE,FR0000060121,SAINT JEAN GROUPE,Euronext Paris
SAMS,FR0000060071,SAMSE,Euronext Paris
SAN,FR0000120578,SANOFI,Euronext Paris
SANNV,FR0014006T94,SANOFI NV22,Euronext Paris
ALMER,FR0010776617,SAPMER,Euronext Growth Paris
DIM,FR0013154002,SARTORIUS STED BIO,Euronext Paris
SAVE,FR0000120107,SAVENCIA,Euronext Paris
MLSDN,FR0013155975,SAVONNERIE NYONS,Euronext Access Paris
SBMO,NL0000360618,SBM OFFSHORE,Euronext Amsterdam
MLSBT,FR0004175222,SBT,Euronext Access Paris
MLSHD,CH0220529603,SCANDINAVIAN HOUSE,Euronext Access Paris
CBSM,FR0006239109,SCBSM,Euronext Paris
MLCMI,FR0010972091,SCEMI,Euronext Access Paris
SCHD,BE0012378593,SCHEERD.V KERCHOVE,Euronext Brussels
SLB,AN8068571086,SCHLUMBERGER,Euronext Paris
SU,FR0000121972,SCHNEIDER ELECTRIC,Euronext Paris
MLSCH,FR0010961920,SCHOBRUNN PARIS,Euronext Access Paris
MLSCI,ES0105592002,SCIENTIA SCHOOL,Euronext Access Paris
SCR,FR0010411983,SCOR SE,Euronext Paris
SEAW7,NO0010893803,SEAWAY 7,Euronext Growth Oslo
SCHP,FR0000039109,SECHE ENVIRONNEM.,Euronext Paris
SGRO,GB00B5ZN1N88,SEGRO PLC,Euronext Paris
ALSEI,IT0005353484,SEIF SPA,Euronext Growth Paris
SLCO,FR0000065492,SELCODIS,Euronext Paris
SELER,FR0004175842,SELECTIRENTE,Euronext Paris
SEM,PTSEM0AM0004,SEMAPA,Euronext Lisbon
MLSMP,IT0005072811,SEMPLICEMENTE SpA,Euronext Access Paris
ALSEN,FR0012596468,SENSORION,Euronext Growth Paris
MLSEQ,NL0010623518,SEQUA PETROLEUM NV,Euronext Access Paris
SEQUA,BE0974340722,SEQUANA MEDICAL,Euronext Brussels
SEFER,FR0011950682,SERGEFERRARI GROUP,Euronext Paris
ALSER,FR0000073728,SERMA GROUP,Euronext Growth Paris
SESG,LU0088087324,SES,Euronext Paris
SESL,FR0010282822,SES IMAGOTAG,Euronext Paris
STTL,BE0974261902,SETTLEMENTS,Euronext Growth Brussels
SRP,FR0013006558,SHOWROOMPRIVE,Euronext Paris
SHUR,LU1883301340,SHURGARD,Euronext Brussels
ALBFR,FR0010202606,SIDETRADE,Euronext Growth Paris
SIFG,NL0011660485,SIF HOLDING,Euronext Amsterdam
ALGIR,FR0000060790,SIGNAUX GIROD,Euronext Growth Paris
LIGHT,NL0011821392,SIGNIFY NV,Euronext Amsterdam
SII,FR0000074122,SII,Euronext Paris
SIKRI,NO0010881717,SIKRI HOLDING,Euronext Growth Oslo
MLSIL,FR0010679365,SILC,Euronext Access Paris
MLMAT,CI0000000832,SIMAT,Euronext Access Paris
SIP,BE0003898187,SIPEF,Euronext Brussels
SKAND,NO0010931207,SKANDIA GREENPOWER,Euronext Growth Oslo
SLIGR,NL0000817179,SLIGRO FOOD GROUP,Euronext Amsterdam
MLSML,FR0011131788,SMALTO,Euronext Access Paris
SMLBS,FR0010649228,SMALTO BSA,Euronext Access Paris
SMOP,NO0011012502,SMARTOPTICS GROUP,Euronext Growth Oslo
SMAR,BE0974323553,SMARTPHOTO GROUP,Euronext Brussels
SMCP,FR0013214145,SMCP,Euronext Paris
SMTPC,FR0004016699,SMTPC,Euronext Paris
SK3,IE00B1RR8406,SMURFIT KAPPA GP,Euronext Dublin
SNOW,NL0010627865,SNOWWORLD,Euronext Amsterdam
SFCA,FR0010209809,SOC FRANC CASINOS,Euronext Paris
GLE,FR0000130809,SOCIETE GENERALE,Euronext Paris
SW,FR0000121220,SODEXO,Euronext Paris
SEC,FR0000078321,SODITECH,Euronext Paris
SOF,BE0003717312,SOFINA,Euronext Brussels
SOFT,BE0003773877,SOFTIMAT,Euronext Growth Brussels
SOFTX,NO0010811961,SOFTOX SOLUTIONS,Euronext Growth Oslo
SOG,FR0000065864,SOGECLAIR,Euronext Paris
SOI,FR0013227113,SOITEC,Euronext Paris
LOCAL,FR00140006O9,SOLOCAL GROUP,Euronext Paris
S30,FR0013379484,SOLUTIONS 30 SE,Euronext Paris
SOLV,BE0003545531,SOLVAC NOM(RETAIL),Euronext Brussels
SOLB,BE0003470755,SOLVAY,Euronext Brussels
SO,FR0013199916,SOMFY SA,Euronext Paris
SON,PTSON0AM0001,SONAE,Euronext Lisbon
SNG,PTSNG0AM0007,SONAGI,Euronext Access Lisbon
SOP,FR0000050809,SOPRA STERIA GROUP,Euronext Paris
FPN,FR0011277391,SPAC,Euronext Paris
SPA,BE0003798155,SPADEL,Euronext Brussels
SB68,NO0010887110,SPARBNK 68 GR NORD,Euronext Growth Oslo
ALSPT,FR00140043Y1,SPARTOO,Euronext Growth Paris
MLSRP,FR0000054371,SPEED RABBIT PIZZA,Euronext Access Paris
SPIE,FR0012757854,SPIE,Euronext Paris
ALSGD,FR0011464452,SPINEGUARD,Euronext Growth Paris
SGDBS,FR0014003UB4,SPINEGUARD BS,Euronext Growth Paris
ALSPW,FR0011398874,SPINEWAY,Euronext Growth Paris
SCP,PTSCP0AM0001,SPORTING,Euronext Lisbon
SPR1,NL0015000NM7,SPR1 ORD SHARES,Euronext Amsterdam
SPR1T,NL0015000NL9,SPR1T TREAS SHARES,Euronext Amsterdam
SPR1W,NL0015000NK1,SPR1W WARRANTS,Euronext Amsterdam
SQI,FR0011289040,SQLI,Euronext Paris
DPT,FR0000054199,ST DUPONT,Euronext Paris
STATT,NO0010775844,STATT TORSK,Euronext Growth Oslo
STF,FR0000064271,STEF,Euronext Paris
STLA,NL00150001Q9,STELLANTIS NV,Euronext Paris
STRN,NL0000336303,STERN GROEP,Euronext Amsterdam
STM,NL0000226223,STMICROELECTRONICS,Euronext Paris
ALSAS,FR0000074775,STRADIM ESPAC.FIN,Euronext Growth Paris
ALSTW,FR0010528059,STREAMWIDE,Euronext Growth Paris
MLSTR,FR0000063976,STREIT MECANIQUE,Euronext Access Paris
SEV,FR0010613471,SUEZ,Euronext Paris
MLSUM,GB00B8GJBS16,SUMO RESOURCES PLC,Euronext Access Paris
SUNSB,NO0010672900,SUNNDAL SPAREBANK,Euronext Growth Oslo
SWP,FR0004180578,SWORD GROUP,Euronext Paris
SDG,FR0000032658,SYNERGIE,Euronext Paris
AIID,US8730483000,T STAMP INC,Euronext Growth Dublin
TKTT,FR0004188670,TARKETT,Euronext Paris
TAYN,FR0000063307,TAYNINH,Euronext Paris
MLTEA,FR0000033466,TEAM,Euronext Access Paris
TECBS,FR0013526225,TECH BSA 2024,Euronext Paris
TCH,FR0013505062,TECHNICOLOR,Euronext Paris
TE,NL0014559478,TECHNIP ENERGIES,Euronext Paris
FTI,GB00BDSFG982,TECHNIPFMC,Euronext Paris
TECO,NO0010887516,TECO 2030,Euronext Growth Oslo
TDSA,PTTD10AM0000,TEIXEIRA DUARTE,Euronext Lisbon
TEKNA,NO0010951577,TEKNA HOLDING,Euronext Growth Oslo
TNET,BE0003826436,TELENET GROUP,Euronext Brussels
TEP,FR0000051807,TELEPERFORMANCE,Euronext Paris
TVRB,CH0008175645,TELEVERBIER,Euronext Paris
MLVST,FR0011076595,TELEVISTA,Euronext Access Paris
TERB,BE0003573814,TER BEKE,Euronext Brussels
TCO,GB00BLGZ9862,TESCO PLC,Euronext Dublin
TESB,BE0003555639,TESSENDERLO,Euronext Brussels
TFG,GG00B1RMC548,TETRAGON FIN GRP,Euronext Amsterdam
TET,BE0003886067,TETRYS,Euronext Expert Market
TEXF,BE0974263924,TEXAF,Euronext Brussels
TFI,FR0000054900,TF1,Euronext Paris
TFF,FR0013295789,TFF GROUP,Euronext Paris
HO,FR0000121329,THALES,Euronext Paris
ALTBG,FR0011053636,THE BLOCKCHAIN GP,Euronext Growth Paris
KING,NL00150001S5,THE KINGFISH COMP,Euronext Growth Oslo
NVG,PTPTI0AM0006,THE NAVIGATOR COMP,Euronext Lisbon
TBGBS,FR00140065G1,THEBLOCKCHAINGRBS,Euronext Growth Paris
ALTHE,FR0010120402,THERACLION,Euronext Growth Paris
ALTER,FR0004197747,THERADIAG,Euronext Growth Paris
ALTHX,FR0013286259,THERANEXUS,Euronext Growth Paris
ALVET,BE0974387194,THERAVET,Euronext Growth Paris
THEP,FR0013333432,THERMADOR GROUPE,Euronext Paris
TBIRD,VGG885761061,THUNDERBIRD,Euronext Amsterdam
TIE,NL0010389508,TIE KINETIX,Euronext Amsterdam
TKO,FR0013230612,TIKEHAU CAPITAL,Euronext Paris
TINC,BE0974282148,TINC,Euronext Brussels
TIPI,FR0000066482,TIPIAK,Euronext Paris
TITC,BE0974338700,TITAN CEMENT,Euronext Brussels
ALTIV,FR0000060949,TIVOLY,Euronext Growth Paris
TWEKA,NL0000852523,TKH GROUP,Euronext Amsterdam
TOM2,NL0013332471,TOMTOM,Euronext Amsterdam
ALTLX,LU0394945660,TOOLUX SANDING,Euronext Growth Paris
ALTOO,FR00140062B9,TOOSLA,Euronext Growth Paris
ALTBM,FR0011668821,TOQUES BLANCHES,Euronext Growth Paris
EC,GA0000121459,TOTAL GABON,Euronext Paris
TTE,FR0000120271,TOTALENERGIES,Euronext Paris
TOUP,FR0000033003,TOUAX,Euronext Paris
EIFF,FR0000036816,TOUR EIFFEL,Euronext Paris
MLABO,FR0010621722,TOUTABO,Euronext Access Paris
SCT,PTSCT0AP0018,TOYOTA CAETANO,Euronext Lisbon
MLPSH,FR0011040690,TPSH,Euronext Access Paris
MLTRA,FR0000031866,TRAMWAYS DE ROUEN,Euronext Access Paris
TNG,FR0005175080,TRANSGENE,Euronext Paris
TRAN,FR00140039U7,TRANSITION SHARES,Euronext Paris
TRANW,FR0014003AC4,TRANSITION WARRANT,Euronext Paris
TRI,FR0005691656,TRIGANO,Euronext Paris
ALTRI,FR0010397901,TRILOGIQ,Euronext Growth Paris
MLTRO,FR0000031106,TROC ILE,Euronext Access Paris
ALTRO,FR0004175099,TRONICS,Euronext Growth Paris
ALTTI,FR0010383877,TTI,Euronext Growth Paris
TUBAT,BE0099967573,TUBIZE (ATTR),Euronext Expert Market
TUB,BE0003823409,TUBIZE-FIN,Euronext Brussels
TQW,GB0001500809,TULLOW OIL PLC,Euronext Dublin
ALTXC,FR0010654087,TXCOM,Euronext Growth Paris
TYSB,NO0010731615,TYSNES SPAREBANK,Euronext Growth Oslo
ALU10,FR0000079147,U10 CORP,Euronext Growth Paris
UBI,FR0000054470,UBISOFT ENTERTAIN,Euronext Paris
ALUCR,FR0011070457,UCAR,Euronext Growth Paris
PNSB,BE0003838555,UCARE SERVICES BEL,Euronext Access Brussels
UCB,BE0003739530,UCB,Euronext Brussels
MLUMG,FR0011776889,UMALIS GROUP,Euronext Access Paris
ALUMS,FR0013263878,UMANIS,Euronext Growth Paris
UMG,NL0015000IY2,UMG,Euronext Amsterdam
UMI,BE0974320526,UMICORE,Euronext Brussels
MLUMH,FR0005783503,UNI.METALG.HT-SEI.,Euronext Access Paris
URW,FR0013326246,UNIBAIL-RODAMCO-WE,Euronext Amsterdam
UNBL,FR0000054215,UNIBEL,Euronext Paris
UPG,BE0974371032,UNIFIEDPOST GROUP,Euronext Brussels
UNA,GB00B10RZP78,UNILEVER,Euronext Amsterdam
UFF,FR0000034548,UNION FIN.FRANCE,Euronext Paris
FPG,FR0000074197,UNION TECH.INFOR.,Euronext Paris
UPR,IE00BJ5FQX74,UNIPHAR PLC,Euronext Growth Dublin
ALUNT,FR0012709160,UNITI,Euronext Growth Paris
ALUPG,FR0010337865,UPERGY,Euronext Growth Paris
ALUVI,FR0011898584,UV GERMI,Euronext Growth Paris
VLK,NL0000302636,V LANSCHOT KEMPEN,Euronext Amsterdam
VAF,PTVAA0AM0019,VAA VISTA ALEGRE,Euronext Lisbon
ALVAL,FR0013254851,VALBIOTIS,Euronext Growth Paris
FR,FR0013176526,VALEO,Euronext Paris
VK,FR0013506730,VALLOUREC,Euronext Paris
VKBS,FR00140030K7,VALLOUREC BSA 21,Euronext Paris
VLA,FR0004056851,VALNEVA,Euronext Paris
MLVAL,FR0012833770,VALONEO,Euronext Access Paris
VALUE,NL0010661864,VALUE8,Euronext Amsterdam
PREVA,NL0015118803,VALUE8 CUM PREF,Euronext Amsterdam
VAM,NL0015000G40,VAM INVEST SHARES,Euronext Amsterdam
VAMT,NL0015000GH1,VAM INVEST TR SHA,Euronext Amsterdam
VAMW,NL0015000G32,VAM INVEST WARRANT,Euronext Amsterdam
VAN,BE0003839561,VAN DE VELDE,Euronext Brussels
MLVRE,ES0105623005,VANDOR REAL ESTATE,Euronext Access Paris
VASTN,NL0000288918,VASTNED,Euronext Amsterdam
VASTB,BE0003754687,VASTNED BELGIUM,Euronext Brussels
ALVU,FR0010766667,VENTE UNIQUE.COM,Euronext Growth Paris
VIE,FR0000124141,VEOLIA ENVIRON.,Euronext Paris
VEON,BMG9349W1038,VEON,Euronext Amsterdam
VRLA,FR0013447729,VERALLIA,Euronext Paris
ALVER,FR0004155240,VERGNET,Euronext Growth Paris
VMX,FR0010291245,VERIMATRIX,Euronext Paris
MLVER,FR0006174496,VERNEY CARRON,Euronext Access Paris
VETO,FR0004186856,VETOQUINOL,Euronext Paris
VGP,BE0003878957,VGP,Euronext Brussels
ALVIA,FR0010326090,VIALIFE,Euronext Growth Paris
VCT,FR0000031775,VICAT,Euronext Paris
VIL,FR0000050049,VIEL ET COMPAGNIE,Euronext Paris
RIN,FR0000052516,VILMORIN & CIE,Euronext Paris
DG,FR0000125486,VINCI,Euronext Paris
VIO,BE0974271034,VIOHALCO,Euronext Brussels
VIRP,FR0000031577,VIRBAC,Euronext Paris
ALVIV,FR0004029478,VISIATIV,Euronext Growth Paris
VIVBS,FR0014003O76,VISIATIV BS,Euronext Growth Paris
MLVIS,FR0010033480,VISIO NERF,Euronext Access Paris
SDT,FR0000065765,VISIODENT,Euronext Paris
VMGBS,FR0013322724,VISIOMED BSA2018-1,Euronext Growth Paris
ALVMG,FR0013481835,VISIOMED GROUP,Euronext Growth Paris
VMGBT,FR0013321817,VISIOMEDBSA26OCT23,Euronext Growth Paris
VTR,FR0010309096,VITURA,Euronext Paris
VIVNV,FR0014006O81,VIVENDI NV22,Euronext Paris
VIV,FR0000127771,VIVENDI SE,Euronext Paris
VVY,NL00150002Q7,VIVORYON,Euronext Amsterdam
ALVGO,FR0011532225,VOGO,Euronext Growth Paris
VTA,GG00B1GHHH78,VOLTA FINANCE,Euronext Amsterdam
VLTSA,FR0011995588,VOLTALIA,Euronext Paris
VPK,NL0009432491,VOPAK,Euronext Amsterdam
VGM,NO0011037483,VOW GREEN METALS,Euronext Growth Oslo
ALVDM,FR0004045847,VOYAGEURS DU MONDE,Euronext Growth Paris
VRAP,FR0000062796,VRANKEN-POMMERY,Euronext Paris
MLVRF,ES0105492005,VREF SEVILLE,Euronext Access Paris
WAGA,FR0012532810,WAGA ENERGY,Euronext Paris
ALLIX,FR0010131409,WALLIX,Euronext Growth Paris
WEB,BE0003734481,WAREHOUSES ESTATES,Euronext Brussels
WAVE,FR0013357621,WAVESTONE,Euronext Paris
WDP,BE0974349814,WDP,Euronext Brussels
ALWEC,FR0013079092,WE.CONNECT,Euronext Growth Paris
MLWEA,FR0010688465,WEACCESS GROUP,Euronext Access Paris
ALWED,FR0010688440,WEDIA,Euronext Growth Paris
MLWEL,FR0004152700,WELL,Euronext Access Paris
MF,FR0000121204,WENDEL,Euronext Paris
WHA,NL0000289213,WERELDHAVE,Euronext Amsterdam
WEHB,BE0003724383,WERELDHAVE BELGIUM,Euronext Brussels
WEST,NO0010768096,WESTERN BULK CHART,Euronext Growth Oslo
MLWEY,FR0010768770,WEYA,Euronext Access Paris
MLWRC,ES0105399002,WHITENI R CAJAL,Euronext Access Paris
ROCK,BE0974401334,WHITESTONE GROUP,Euronext Growth Brussels
ALWF,FR0014000P11,WINFARM,Euronext Growth Paris
ALWIT,FR0013143872,WITBE,Euronext Growth Paris
MLWIZ,FR00140047H7,WIZIBOAT,Euronext Access Paris
WOLE,BE0003600112,WOL. EXTENS. CERT,Euronext Brussels
WOLS,BE0003571792,WOL. SHOPPING CERT,Euronext Brussels
WKL,NL0000395903,WOLTERS KLUWER,Euronext Amsterdam
WLN,FR0011981968,WORLDLINE,Euronext Paris
XFAB,BE0974310428,X-FAB,Euronext Paris
XIL,FR0004034072,XILAM ANIMATION,Euronext Paris
XIOR,BE0974288202,XIOR,Euronext Brussels
XPLRA,NO0010895782,XPLORA TECHNOLOGIE,Euronext Growth Oslo
YATRA,JE00B1FBT077,YATRA,Euronext Amsterdam
YEW,IE00BDT5KP12,YEW GROVE REIT PLC,Euronext Dublin
ZAP,NO0010713936,ZAPTEC,Euronext Growth Oslo
MLZAM,ZM0000000037,ZCCM,Euronext Access Paris
CV,BMG9887P1068,ZCI LIMITED,Euronext Paris
ZENA,CA98936C1068,ZENITH ENERGY,Euronext Growth Oslo
ZEN,BE0003809267,ZENOBE GRAMME CERT,Euronext Brussels
ZWIPE,NO0010721277,ZWIPE,Euronext Growth Oslo