,symbol,name,isin,sector,industry,country,exchange
0,2CRSI,2CRSI,FR0013341781,,,,Euronext Paris
1,2MX,2MX ORGANIC,FR0014000T90,,,,Euronext Paris
2,2MXBS,2MX ORGANIC BS,FR0014000TB2,,,,Euronext Paris
3,5PG,5TH PLANET GAMES,DK0060945467,,,,Euronext Expand Oslo
4,8GW,GREAT WESTERN MIN.,IE00B1FR8863,,,,Euronext Growth Dublin
5,A5G,AIB GROUP PLC,IE00BF0L3536,,,,Euronext Dublin
6,AAA,ALAN ALLMAN,FR0000062465,,,,Euronext Paris
7,AAC,ACCOR AC SHARES,FR0014003PZ3,,,,Euronext Paris
8,AACW,ACCOR AC WARRANTS,FR0014003QK3,,,,Euronext Paris
9,AALB,AALBERTS NV,NL0000852564,,,,Euronext Amsterdam
10,AASB,AASEN SPAREBANK,NO0010672181,,,,Euronext Growth Oslo
11,AB,AB SCIENCE,FR0010557264,,,,Euronext Paris
12,ABCA,ABC ARBITRAGE,FR0004040608,,,,Euronext Paris
13,ABEO,ABEO,FR0013185857,,,,Euronext Paris
14,ABI,AB INBEV,BE0974293251,,,,Euronext Brussels
15,ABIBS,ALBIOMA BSAAR 2018,FR0013368438,,,,Euronext Growth Paris
16,ABIO,ALBIOMA,FR0000060402,,,,Euronext Paris
17,ABN,ABN AMRO BANK N.V.,NL0011540547,,,,Euronext Amsterdam
18,ABNX,ABIONYX PHARMA,FR0012616852,,,,Euronext Paris
19,ABO,ABO GROUP,BE0974278104,,,,Euronext Brussels
20,ABS,ARCTIC BIOSCIENCE,NO0010859580,,,,Euronext Growth Oslo
21,ABT,AQUA BIO TECHNO,NO0010307135,,,,Euronext Expand Oslo
22,ABVX,ABIVAX,FR0012333284,,,,Euronext Paris
23,AC,ACCOR,FR0000120404,,,,Euronext Paris
24,ACA,CREDIT AGRICOLE,FR0000045072,,,,Euronext Paris
25,ACAN,ACANTHE DEV.,FR0000064602,,,,Euronext Paris
26,ACCB,ACCENTIS,BE0003696102,,,,Euronext Brussels
27,ACCEL,ACCELL GROUP,NL0009767532,,,,Euronext Amsterdam
28,ACH,AKER CLEAN HYDROGE,NO0010936081,,,,Euronext Growth Oslo
29,ACKB,ACKERMANS V.HAAREN,BE0003764785,,,,Euronext Brussels
30,ACOMO,AMSTERDAM COMMOD.,NL0000313286,,,,Euronext Amsterdam
31,ACPH,ACACIA PHARMA,GB00BYWF9Y76,,,,Euronext Brussels
32,AD,AHOLD DEL,NL0011794037,,,,Euronext Amsterdam
33,ADOC,ADOCIA,FR0011184241,,,,Euronext Paris
34,ADP,ADP,FR0010340141,,,,Euronext Paris
35,ADS,ADS MARITIME HOLD,CY0108052115,,,,Euronext Growth Oslo
36,ADUX,ADUX,FR0012821890,,,,Euronext Paris
37,ADVI,ADVINI,FR0000053043,,,,Euronext Paris
38,ADVIC,ADVICENNE,FR0013296746,,,,Euronext Paris
39,ADYEN,ADYEN,NL0012969182,,,,Euronext Amsterdam
40,AED,AEDIFICA,BE0003851681,,,,Euronext Brussels
41,AEGA,AEGA,NO0010626559,,,,Euronext Expand Oslo
42,AF,AIR FRANCE -KLM,FR0000031122,,,,Euronext Paris
43,AFISH,ARCTIC FISH HOLDIN,NO0010917719,,,,Euronext Growth Oslo
44,AFME,AFFLUENT MEDICAL,FR0013333077,,,,Euronext Paris
45,AGFB,AGFA-GEVAERT,BE0003755692,,,,Euronext Brussels
46,AGLX,AGILYX,NO0010872468,,,,Euronext Growth Oslo
47,AGN,AEGON,NL0000303709,,,,Euronext Amsterdam
48,AGS,AGEAS,BE0974264930,,,,Euronext Brussels
49,AI,AIR LIQUIDE,FR0000120073,,,,Euronext Paris
50,AIID,T STAMP INC,US8730483000,,,,Euronext Growth Dublin
51,AIR,AIRBUS,NL0000235190,,,,Euronext Paris
52,AIRX,AIRTHINGS,NO0010895568,,,,Euronext Growth Oslo
53,AJAX,AJAX,NL0000018034,,,,Euronext Amsterdam
54,AKA,AKKA TECHNOLOGIES,FR0004180537,,,,Euronext Paris
55,AKE,ARKEMA,FR0010313833,,,,Euronext Paris
56,AKOBO,AKOBO MINERALS,SE0015193412,,,,Euronext Growth Oslo
57,AKOM,AERKOMM INC,US00774B2088,,,,Euronext Paris
58,AKW,AKWEL,FR0000053027,,,,Euronext Paris
59,AKZA,AKZO NOBEL,NL0013267909,,,,Euronext Amsterdam
60,ALACT,ACTICOR BIOTECH,FR0014005OJ5,,,,Euronext Growth Paris
61,ALADA,ADA,FR0000053076,,,,Euronext Growth Paris
62,ALADM,ADTHINK,FR0010457531,,,,Euronext Growth Paris
63,ALADO,ADOMOS,FR0013247244,,,,Euronext Growth Paris
64,ALADV,ADVENIS,FR0004152874,,,,Euronext Growth Paris
65,ALAFY,AFYREN,FR0014005AC9,,,,Euronext Growth Paris
66,ALAGO,E PANGO,FR0014004339,,,,Euronext Growth Paris
67,ALAGP,AGRIPOWER,FR0013452281,,,,Euronext Growth Paris
68,ALAGR,AGROGENERATION,FR0010641449,,,,Euronext Growth Paris
69,ALAIR,AIRTIME,IT0005450819,,,,Euronext Growth Paris
70,ALALO,ACHETER-LOUER.FR,FR0010493510,,,,Euronext Growth Paris
71,ALAMA,AMA CORPORATION,GB00BNKGZC51,,,,Euronext Growth Paris
72,ALAMG,AUPLATA MINING GR,FR0013410370,,,,Euronext Growth Paris
73,ALAQU,AQUILA,FR0010340711,,,,Euronext Growth Paris
74,ALARF,ADEUNIS,FR0013284627,,,,Euronext Growth Paris
75,ALAUD,AUDACIA,FR00140059B5,,,,Euronext Growth Paris
76,ALAVY,AUDIOVALLEY,BE0974334667,,,,Euronext Growth Paris
77,ALBDM,BD MULTI MEDIA,FR0000035305,,,,Euronext Growth Paris
78,ALBFR,SIDETRADE,FR0010202606,,,,Euronext Growth Paris
79,ALBI,GASCOGNE,FR0000124414,,,,Euronext Growth Paris
80,ALBIO,BIOSYNEX,FR0011005933,,,,Euronext Growth Paris
81,ALBIZ,OBIZ,FR0014003711,,,,Euronext Growth Paris
82,ALBKK,BAIKOWSKI,FR0013384369,,,,Euronext Growth Paris
83,ALBLD,BILENDI,FR0004174233,,,,Euronext Growth Paris
84,ALBLU,BLUELINEA,FR0011041011,,,,Euronext Growth Paris
85,ALBOA,BOA CONCEPT,FR0011365907,,,,Euronext Growth Paris
86,ALBOO,BOOSTHEAT,FR0011814938,,,,Euronext Growth Paris
87,ALBOU,BOURRELIER GROUP,FR0000054421,,,,Euronext Growth Paris
88,ALBPS,BIOPHYTIS,FR0012816825,,,,Euronext Growth Paris
89,ALBUD,MINT,FR0004172450,,,,Euronext Growth Paris
90,ALCAR,CARMAT,FR0010907956,,,,Euronext Growth Paris
91,ALCBI,CBI,FR0014007LW0,,,,Euronext Growth Paris
92,ALCES,CESAR,FR0013297165,,,,Euronext Growth Paris
93,ALCG,CABASSE GROUP,FR0013530102,,,,Euronext Growth Paris
94,ALCHI,ALCHIMIE,FR0014000JX7,,,,Euronext Growth Paris
95,ALCJ,CROSSJECT,FR0011716265,,,,Euronext Growth Paris
96,ALCLA,CLASQUIN,FR0004152882,,,,Euronext Growth Paris
97,ALCLS,CELLECTIS,FR0010425595,,,,Euronext Growth Paris
98,ALCOF,COFIDUR,FR0013257409,,,,Euronext Growth Paris
99,ALCOG,COGRA,FR0011071570,,,,Euronext Growth Paris
100,ALCOI,COIL,BE0160342011,,,,Euronext Growth Paris
101,ALCOR,BIOCORP,FR0012788065,,,,Euronext Growth Paris
102,ALCRB,CARBIOS,FR0011648716,,,,Euronext Growth Paris
103,ALCUR,ARCURE,FR0013398997,,,,Euronext Growth Paris
104,ALCYB,CYBERGUN,FR0014004QR6,,,,Euronext Growth Paris
105,ALD,ALD,FR0013258662,,,,Euronext Paris
106,ALDAR,DAMARTEX,FR0000185423,,,,Euronext Growth Paris
107,ALDBL,BERNARD LOISEAU,FR0000066961,,,,Euronext Growth Paris
108,ALDBT,DBT,FR0013066750,,,,Euronext Growth Paris
109,ALDBY,DELTA DRONE BSA Y,FR0013400991,,,,Euronext Growth Paris
110,ALDEI,DEINOVE,FR0010879056,,,,Euronext Growth Paris
111,ALDEL,DELFINGEN,FR0000054132,,,,Euronext Growth Paris
112,ALDEV,DEVERNOIS,FR0000060840,,,,Euronext Growth Paris
113,ALDLS,D.L.S.I.,FR0010404368,,,,Euronext Growth Paris
114,ALDLT,DELTA PLUS GROUP,FR0013283108,,,,Euronext Growth Paris
115,ALDNE,DONTNOD,FR0013331212,,,,Euronext Growth Paris
116,ALDNX,DNXCORP,FR0010436584,,,,Euronext Growth Paris
117,ALDOL,DOLFINES,FR0014004QZ9,,,,Euronext Growth Paris
118,ALDR,DELTA DRONE,FR0011522168,,,,Euronext Growth Paris
119,ALDRV,DRONE VOLT,FR0013088606,,,,Euronext Growth Paris
120,ALDUB,ENCRES DUBUIT,FR0004030708,,,,Euronext Growth Paris
121,ALDV,ADC SIIC,BE0974269012,,,,Euronext Paris
122,ALEAC,EDILIZIACROBATICA,IT0005351504,,,,Euronext Growth Paris
123,ALECO,ECOMIAM,FR0013534617,,,,Euronext Growth Paris
124,ALECP,EUROPACORP,FR0010490920,,,,Euronext Growth Paris
125,ALECR,EUROFINS CEREP,FR0013256518,,,,Euronext Growth Paris
126,ALEMG,EUROMEDIS GROUPE,FR0000075343,,,,Euronext Growth Paris
127,ALEMV,EMOVA GROUP,FR0013356755,,,,Euronext Growth Paris
128,ALENE,ENERTIME,FR0011915339,,,,Euronext Growth Paris
129,ALENO,ENOGIA,FR0014004974,,,,Euronext Growth Paris
130,ALENR,ENTREPRENDRE,FR0000045122,,,,Euronext Growth Paris
131,ALENT,ENTREPARTICULIERS,FR0010424697,,,,Euronext Growth Paris
132,ALEO2,EO2,FR0010465534,,,,Euronext Growth Paris
133,ALERS,EUROBIO-SCIENTIFIC,FR0013240934,,,,Euronext Growth Paris
134,ALESA,ECOSLOPS,FR0011490648,,,,Euronext Growth Paris
135,ALESE,ENTECH,FR0014004362,,,,Euronext Growth Paris
136,ALESK,ESKER,FR0000035818,,,,Euronext Growth Paris
137,ALEUA,EURASIA GROUPE,FR0010844001,,,,Euronext Growth Paris
138,ALEUP,EUROPLASMA,FR0013514114,,,,Euronext Growth Paris
139,ALEXA,EXACOMPTA CLAIREF.,FR0000064164,,,,Euronext Growth Paris
140,ALFBA,FASHION B AIR,FR0004034593,,,,Euronext Growth Paris
141,ALFEN,ALFEN,NL0012817175,,,,Euronext Amsterdam
142,ALFLE,FLEURY MICHON,FR0000074759,,,,Euronext Growth Paris
143,ALFOC,FOCUS HOME INT,FR0012419307,,,,Euronext Growth Paris
144,ALFPC,FOUNTAINE PAJOT,FR0010485268,,,,Euronext Growth Paris
145,ALFRE,FREELANCE.COM,FR0004187367,,,,Euronext Growth Paris
146,ALGAU,GAUSSIN,FR0013495298,,,,Euronext Growth Paris
147,ALGBE,GLOBAL BIOENERGIES,FR0011052257,,,,Euronext Growth Paris
148,ALGEC,GECI INTL,FR0000079634,,,,Euronext Growth Paris
149,ALGEN,GENOWAY,FR0004053510,,,,Euronext Growth Paris
150,ALGEV,GEVELOT,FR0000033888,,,,Euronext Growth Paris
151,ALGIL,GROUPE GUILLIN,FR0012819381,,,,Euronext Growth Paris
152,ALGIR,SIGNAUX GIROD,FR0000060790,,,,Euronext Growth Paris
153,ALGLD,GOLD BY GOLD,FR0011208693,,,,Euronext Growth Paris
154,ALGRO,GROLLEAU,FR0014005ZM5,,,,Euronext Growth Paris
155,ALGTR,GROUPE TERA,FR0013429404,,,,Euronext Growth Paris
156,ALHEO,H2O INNOVATION INC,CA4433003064,,,,Euronext Growth Paris
157,ALHF,HF COMPANY,FR0000038531,,,,Euronext Growth Paris
158,ALHGO,HAMILTON GLOBAL OP,GB00BMDXQ672,,,,Euronext Growth Paris
159,ALHGR,HOFFMANN,FR0013451044,,,,Euronext Growth Paris
160,ALHIO,HIOLLE INDUSTRIES,FR0000077562,,,,Euronext Growth Paris
161,ALHIT,HITECHPROS,FR0010396309,,,,Euronext Growth Paris
162,ALHRG,HERIGE,FR0000066540,,,,Euronext Growth Paris
163,ALHRS,HYDROGEN REFUELING,FR0014001PM5,,,,Euronext Growth Paris
164,ALHYG,HYBRIGENICS,FR0004153930,,,,Euronext Growth Paris
165,ALHYP,HIPAY GROUP,FR0012821916,,,,Euronext Growth Paris
166,ALI2S,I2S,FR0005854700,,,,Euronext Growth Paris
167,ALICR,I.CERAM,FR0014005IU4,,,,Euronext Growth Paris
168,ALIDS,IDSUD,FR0000062184,,,,Euronext Growth Paris
169,ALIE,ILBE,IT0005380602,,,,Euronext Growth Paris
170,ALIKO,IKONISYS,FR00140048X2,,,,Euronext Growth Paris
171,ALIMO,GROUPIMO,FR0014000RP6,,,,Euronext Growth Paris
172,ALIMP,IMPLANET,FR0013470168,,,,Euronext Growth Paris
173,ALIMR,IMMERSION,FR0013060100,,,,Euronext Growth Paris
174,ALINN,INNELEC MULTIMEDIA,FR0000064297,,,,Euronext Growth Paris
175,ALINS,INTRASENSE,FR0011179886,,,,Euronext Growth Paris
176,ALINT,INTEGRAGEN,FR0010908723,,,,Euronext Growth Paris
177,ALINV,INVIBES ADVERTSING,BE0974299316,,,,Euronext Growth Paris
178,ALISP,ISPD,ES0109429037,,,,Euronext Growth Paris
179,ALITL,IT LINK,FR0000072597,,,,Euronext Growth Paris
180,ALJXR,ARCHOS,FR0000182479,,,,Euronext Growth Paris
181,ALKAL,KALRAY,FR0010722819,,,,Euronext Growth Paris
182,ALKEM,GROUPE BERKEM,FR00140069V2,,,,Euronext Growth Paris
183,ALKER,MEDIA MAKER,IT0005380438,,,,Euronext Growth Paris
184,ALKEY,KEYRUS,FR0004029411,,,,Euronext Growth Paris
185,ALKKO,KKO INTERNATIONAL,FR0013374667,,,,Euronext Growth Paris
186,ALKLA,KLARSEN,FR0011038348,,,,Euronext Growth Paris
187,ALKLK,KERLINK,FR0013156007,,,,Euronext Growth Paris
188,ALKOM,KOMPUESTOS,ES0105425005,,,,Euronext Growth Paris
189,ALLAN,LANSON-BCC,FR0004027068,,,,Euronext Growth Paris
190,ALLDL,GROUPE LDLC,FR0000075442,,,,Euronext Growth Paris
191,ALLEC,COGELEC,FR0013335742,,,,Euronext Growth Paris
192,ALLEX,LEXIBOOK LINGUIST.,FR0000033599,,,,Euronext Growth Paris
193,ALLFG,ALLFUNDS GROUP,GB00BNTJ3546,,,,Euronext Amsterdam
194,ALLGO,LARGO,FR0013308582,,,,Euronext Growth Paris
195,ALLHB,LES HOTELS BAVEREZ,FR0007080254,,,,Euronext Growth Paris
196,ALLIX,WALLIX,FR0010131409,,,,Euronext Growth Paris
197,ALLLN,LLEIDA,ES0105089009,,,,Euronext Growth Paris
198,ALLOG,LOGIC INSTRUMENT,FR0000044943,,,,Euronext Growth Paris
199,ALLUX,INSTALLUX,FR0000060451,,,,Euronext Growth Paris
200,ALM,ALPHA MOS,FR0013421286,,,,Euronext Paris
201,ALMAK,MAKHEIA GROUP,FR0000072993,,,,Euronext Growth Paris
202,ALMAR,MARE NOSTRUM,FR0013400835,,,,Euronext Growth Paris
203,ALMAS,MASTRAD,FR0004155687,,,,Euronext Growth Paris
204,ALMDG,MGI DIGITAL GRAPHI,FR0010353888,,,,Euronext Growth Paris
205,ALMDP,MEDESIS PHARMA,FR0010844464,,,,Euronext Growth Paris
206,ALMDT,MEDIANTECHNOLOGIES,FR0011049824,,,,Euronext Growth Paris
207,ALMER,SAPMER,FR0010776617,,,,Euronext Growth Paris
208,ALMET,METHANOR,FR0011217710,,,,Euronext Growth Paris
209,ALMGI,MG INTERNATIONAL,FR0010204453,,,,Euronext Growth Paris
210,ALMIB,AMOEBA,FR0011051598,,,,Euronext Growth Paris
211,ALMII,M2I,FR0013270626,,,,Euronext Growth Paris
212,ALMIL,1000MERCIS,FR0010285965,,,,Euronext Growth Paris
213,ALMKS,MAKING SCIENCE,ES0105463006,,,,Euronext Growth Paris
214,ALMLB,MILIBOO,FR0013053535,,,,Euronext Growth Paris
215,ALMND,MND,FR00140050Q2,,,,Euronext Growth Paris
216,ALMNG,MADVERTISE,FR0010812230,,,,Euronext Growth Paris
217,ALMOU,MOULINVEST,FR0011033083,,,,Euronext Growth Paris
218,ALMRB,MR BRICOLAGE,FR0004034320,,,,Euronext Growth Paris
219,ALMTH,METHORIOS CAPITAL,IT0004615396,,,,Euronext Growth Paris
220,ALMUN,MUNIC,FR0013462231,,,,Euronext Growth Paris
221,ALNEV,NEOVACS,FR0004032746,,,,Euronext Growth Paris
222,ALNFL,NFL BIOSCIENCES,FR0014003XT0,,,,Euronext Growth Paris
223,ALNG,AWILCO LNG,NO0010607971,,,,Euronext Expand Oslo
224,ALNLF,NEOLIFE,FR0011636083,,,,Euronext Growth Paris
225,ALNMR,NAMR,FR0014003J32,,,,Euronext Growth Paris
226,ALNN6,ENENSYS,FR0013330792,,,,Euronext Growth Paris
227,ALNOR,NEXPONOR-SICAFI,PTNEX0AM0002,,,,Euronext Growth Lisbon
228,ALNOV,NOVACYT,FR0010397232,,,,Euronext Growth Paris
229,ALNOX,NOXXON,NL0012044762,,,,Euronext Growth Paris
230,ALNRG,ENERGISME,FR0013399359,,,,Euronext Growth Paris
231,ALNSC,NSC GROUPE,FR0000064529,,,,Euronext Growth Paris
232,ALNSE,NSE,FR0004065639,,,,Euronext Growth Paris
233,ALNTG,NETGEM,FR0004154060,,,,Euronext Growth Paris
234,ALNXT,NEXTEDIA,FR0004171346,,,,Euronext Growth Paris
235,ALO,ALSTOM,FR0010220475,,,,Euronext Paris
236,ALOBR,OBER,FR0010330613,,,,Euronext Growth Paris
237,ALODC,OMER-DECUGIS & CIE,FR0014003T71,,,,Euronext Growth Paris
238,ALONC,ONCODESIGN,FR0011766229,,,,Euronext Growth Paris
239,ALONX,ONXEO,FR0010095596,,,,Euronext Growth Paris
240,ALORA,ALTHEORA,FR0000061244,,,,Euronext Growth Paris
241,ALORD,ORDISSIMO,FR0013318052,,,,Euronext Growth Paris
242,ALOSM,OSMOZIS,FR0013231180,,,,Euronext Growth Paris
243,ALPAR,GPE PAROT (AUTO),FR0013204070,,,,Euronext Growth Paris
244,ALPAT,PLANT ADVANCED,FR0010785790,,,,Euronext Growth Paris
245,ALPAU,PAULIC MEUNERIE,FR0013479730,,,,Euronext Growth Paris
246,ALPCV,CERINNOV GROUP,FR0013178712,,,,Euronext Growth Paris
247,ALPDX,PISCINES DESJOYAUX,FR0000061608,,,,Euronext Growth Paris
248,ALPER,LA PERLA FASHION,NL0012191662,,,,Euronext Growth Paris
249,ALPHA,PHARNEXT,FR0011191287,,,,Euronext Growth Paris
250,ALPHE,PHERECYDES PHARMA,FR0011651694,,,,Euronext Growth Paris
251,ALPHI,FACEPHI,ES0105029005,,,,Euronext Growth Paris
252,ALPHS,PHARMASIMPLE,BE0974302342,,,,Euronext Growth Paris
253,ALPIX,PIXIUM VISION,FR0011950641,,,,Euronext Growth Paris
254,ALPJT,POUJOULAT,FR0000066441,,,,Euronext Growth Paris
255,ALPLA,PLANET MEDIA,FR0010211037,,,,Euronext Growth Paris
256,ALPOU,POULAILLON,FR0013015583,,,,Euronext Growth Paris
257,ALPRE,PREDILIFE,FR0010169920,,,,Euronext Growth Paris
258,ALPRI,PRISMAFLEX INTL,FR0004044600,,,,Euronext Growth Paris
259,ALPRO,PRODWARE,FR0010313486,,,,Euronext Growth Paris
260,ALPTR,PATRIS,PTPRS0AM0017,,,,Euronext Growth Lisbon
261,ALQGC,QUANTUM GENOMICS,FR0011648971,,,,Euronext Growth Paris
262,ALQP,QUADPACK,ES0105118006,,,,Euronext Growth Paris
263,ALQWA,QWAMPLIFY,FR0010889386,,,,Euronext Growth Paris
264,ALREA,REALITES,FR0011858190,,,,Euronext Growth Paris
265,ALREW,REWORLD MEDIA,FR0010820274,,,,Euronext Growth Paris
266,ALRGR,ROUGIER S.A.,FR0000037640,,,,Euronext Growth Paris
267,ALRIB,RIBER,FR0000075954,,,,Euronext Growth Paris
268,ALROC,ROCTOOL,FR0010523167,,,,Euronext Growth Paris
269,ALRPD,RAPID NUTRITION,GB00BLG2TX24,,,,Euronext Growth Paris
270,ALSAF,SAFE,FR0013467123,,,,Euronext Growth Paris
271,ALSAS,STRADIM ESPAC.FIN,FR0000074775,,,,Euronext Growth Paris
272,ALSEI,SEIF SPA,IT0005353484,,,,Euronext Growth Paris
273,ALSEN,SENSORION,FR0012596468,,,,Euronext Growth Paris
274,ALSER,SERMA GROUP,FR0000073728,,,,Euronext Growth Paris
275,ALSGD,SPINEGUARD,FR0011464452,,,,Euronext Growth Paris
276,ALSIM,KLIMVEST,GB00B19RTX44,,,,Euronext Growth Paris
277,ALSPT,SPARTOO,FR00140043Y1,,,,Euronext Growth Paris
278,ALSPW,SPINEWAY,FR0011398874,,,,Euronext Growth Paris
279,ALSTW,STREAMWIDE,FR0010528059,,,,Euronext Growth Paris
280,ALT,ALTERNUS ENERGY GR,IE00BLRPRP89,,,,Euronext Growth Oslo
281,ALTA,ALTAREA,FR0000033219,,,,Euronext Paris
282,ALTAN,LE TANNEUR,FR0000075673,,,,Euronext Growth Paris
283,ALTBG,THE BLOCKCHAIN GP,FR0011053636,,,,Euronext Growth Paris
284,ALTBM,TOQUES BLANCHES,FR0011668821,,,,Euronext Growth Paris
285,ALTER,THERADIAG,FR0004197747,,,,Euronext Growth Paris
286,ALTEV,ENVEA,FR0010278762,,,,Euronext Growth Paris
287,ALTHE,THERACLION,FR0010120402,,,,Euronext Growth Paris
288,ALTHX,THERANEXUS,FR0013286259,,,,Euronext Growth Paris
289,ALTIV,TIVOLY,FR0000060949,,,,Euronext Growth Paris
290,ALTLX,TOOLUX SANDING,LU0394945660,,,,Euronext Growth Paris
291,ALTOO,TOOSLA,FR00140062B9,,,,Euronext Growth Paris
292,ALTR,ALTRI SGPS,PTALT0AE0002,,,,Euronext Lisbon
293,ALTRI,TRILOGIQ,FR0010397901,,,,Euronext Growth Paris
294,ALTRO,TRONICS,FR0004175099,,,,Euronext Growth Paris
295,ALTTI,TTI,FR0010383877,,,,Euronext Growth Paris
296,ALTUR,ALTUR INVEST.,FR0010395681,,,,Euronext Paris
297,ALTUV,BIO-UV GROUP,FR0013345493,,,,Euronext Growth Paris
298,ALTVO,EVOLIS,FR0004166197,,,,Euronext Growth Paris
299,ALTXC,TXCOM,FR0010654087,,,,Euronext Growth Paris
300,ALU10,U10 CORP,FR0000079147,,,,Euronext Growth Paris
301,ALUCI,LUCIBEL,FR0011884378,,,,Euronext Growth Paris
302,ALUCR,UCAR,FR0011070457,,,,Euronext Growth Paris
303,ALUMS,UMANIS,FR0013263878,,,,Euronext Growth Paris
304,ALUNT,UNITI,FR0012709160,,,,Euronext Growth Paris
305,ALUPG,UPERGY,FR0010337865,,,,Euronext Growth Paris
306,ALUVI,UV GERMI,FR0011898584,,,,Euronext Growth Paris
307,ALVAL,VALBIOTIS,FR0013254851,,,,Euronext Growth Paris
308,ALVAP,KUMULUS VAPE,FR0013419876,,,,Euronext Growth Paris
309,ALVDM,VOYAGEURS DU MONDE,FR0004045847,,,,Euronext Growth Paris
310,ALVER,VERGNET,FR0004155240,,,,Euronext Growth Paris
311,ALVET,THERAVET,BE0974387194,,,,Euronext Growth Paris
312,ALVGO,VOGO,FR0011532225,,,,Euronext Growth Paris
313,ALVIA,VIALIFE,FR0010326090,,,,Euronext Growth Paris
314,ALVIV,VISIATIV,FR0004029478,,,,Euronext Growth Paris
315,ALVMG,VISIOMED GROUP,FR0013481835,,,,Euronext Growth Paris
316,ALVU,VENTE UNIQUE.COM,FR0010766667,,,,Euronext Growth Paris
317,ALWEC,WE.CONNECT,FR0013079092,,,,Euronext Growth Paris
318,ALWED,WEDIA,FR0010688440,,,,Euronext Growth Paris
319,ALWF,WINFARM,FR0014000P11,,,,Euronext Growth Paris
320,ALWIT,WITBE,FR0013143872,,,,Euronext Growth Paris
321,ALX,ALUMEXX N.V.,NL0012194724,,,,Euronext Amsterdam
322,AM,DASSAULT AVIATION,FR0014004L86,,,,Euronext Paris
323,AMG,AMG,NL0000888691,,,,Euronext Amsterdam
324,AMPLI,AMPLITUDE SURGICAL,FR0012789667,,,,Euronext Paris
325,AMUN,AMUNDI,FR0004125920,,,,Euronext Paris
326,AMUND,ALMUNDA PRO NV,NL0010696704,,,,Euronext Amsterdam
327,ANDF,ANDFJORD SALMON,NO0010829765,,,,Euronext Growth Oslo
328,ANT,ANTARES CERT,BE0003676872,,,,Euronext Brussels
329,ANTIN,ANTIN INFRA PARTN,FR0014005AL0,,,,Euronext Paris
330,AOW,AKER OFFSHORE WIND,NO0010890312,,,,Euronext Growth Oslo
331,APAM,APERAM,LU0569974404,,,,Euronext Amsterdam
332,APM,APTORUM GROUP CL A,KYG6096M1069,,,,Euronext Paris
333,ARAMI,ARAMIS GROUP,FR0014003U94,,,,Euronext Paris
334,ARCAD,ARCADIS,NL0006237562,,,,Euronext Amsterdam
335,ARDO,ARDOIN ST AMAND B,FR0004070795,,,,Euronext Access Paris
336,AREIT,ALTAREIT,FR0000039216,,,,Euronext Paris
337,ARG,ARGAN,FR0010481960,,,,Euronext Paris
338,ARGEO,ARGEO,NO0010946593,,,,Euronext Growth Oslo
339,ARGX,ARGENX SE,NL0010832176,,,,Euronext Brussels
340,ARTE,ARTEA,FR0012185536,,,,Euronext Paris
341,ARTO,ARTOIS NOM.,FR0000076952,,,,Euronext Paris
342,ASC,ASCENCIO,BE0003856730,,,,Euronext Brussels
343,ASIT,ASIT,BE0974289218,,,,Euronext Brussels
344,ASM,ASM INTERNATIONAL,NL0000334118,,,,Euronext Amsterdam
345,ASML,ASML HOLDING,NL0010273215,,,,Euronext Amsterdam
346,ASP,A.S.T. GROUPE,FR0000076887,,,,Euronext Paris
347,ASRNL,ASR NEDERLAND,NL0011872643,,,,Euronext Amsterdam
348,ASTRO,ASTROCAST,CH1122548808,,,,Euronext Growth Oslo
349,ASY,ASSYSTEM,FR0000074148,,,,Euronext Paris
350,ATA,ATARI,FR0010478248,,,,Euronext Paris
351,ATE,ALTEN,FR0000071946,,,,Euronext Paris
352,ATEB,ATENOR,BE0003837540,,,,Euronext Brussels
353,ATEME,ATEME,FR0011992700,,,,Euronext Paris
354,ATI,ACTIA GROUP,FR0000076655,,,,Euronext Paris
355,ATO,ATOS,FR0000051732,,,,Euronext Paris
356,ATRS,ATRIUM EUR REALEST,JE00B3DCF752,,,,Euronext Amsterdam
357,AUB,AUBAY,FR0000063737,,,,Euronext Paris
358,AUGR,AUGROS COSMETICS,FR0000061780,,,,Euronext Paris
359,AURA,AURORA EIENDOM,NO0011032310,,,,Euronext Growth Oslo
360,AURE,AUREA,FR0000039232,,,,Euronext Paris
361,AURS,AURES TECHNOLOGIES,FR0013183589,,,,Euronext Paris
362,AVT,AVENIR TELECOM,FR0013529815,,,,Euronext Paris
363,AVTX,AVANTIUM,NL0012047823,,,,Euronext Amsterdam
364,AXS,ACCSYS,GB00BQQFX454,,,,Euronext Amsterdam
365,AXW,AXWAY SOFTWARE,FR0011040500,,,,Euronext Paris
366,AYFIE,AYFIE GROUP,NO0010793243,,,,Euronext Growth Oslo
367,AZE,AZELIS GROUP,BE0974400328,,,,Euronext Brussels
368,BACE,BRIGADE M3 SHA,KYG137071075,,,,Euronext Amsterdam
369,BACEU,BRIGADE M3 UNITS,KYG137071158,,,,Euronext Amsterdam
370,BAIN,BAINS MER MONACO,MC0000031187,,,,Euronext Paris
371,BALT,BALTIC SEA PROP,NO0010810476,,,,Euronext Growth Oslo
372,BALTA,BALTA GROUP,BE0974314461,,,,Euronext Brussels
373,BALYO,BALYO,FR0013258399,,,,Euronext Paris
374,BAMNB,BAM GROEP KON,NL0000337319,,,,Euronext Amsterdam
375,BANI,BANIMMO A,BE0003870871,,,,Euronext Brussels
376,BAR,BARCO,BE0974362940,,,,Euronext Brussels
377,BARRA,BARRAMUNDI GROUP,SGXZ33675836,,,,Euronext Growth Oslo
378,BAS,BASILIX CERT,BE0003674851,,,,Euronext Brussels
379,BASS,BASSAC,FR0004023208,,,,Euronext Paris
380,BB,BIC,FR0000120966,,,,Euronext Paris
381,BBED,BETER BED,NL0000339703,,,,Euronext Amsterdam
382,BCART,BIOCARTIS,BE0974281132,,,,Euronext Brussels
383,BCP,B.COM.PORTUGUES,PTBCP0AM0015,,,,Euronext Lisbon
384,BCS,BERGEN CARBON SOL,NO0010950249,,,,Euronext Growth Oslo
385,BEAB,BEAULIEU-AV. CERT,BE0003661726,,,,Euronext Brussels
386,BEFB,BEFIMMO,BE0003678894,,,,Euronext Brussels
387,BEKB,BEKAERT,BE0974258874,,,,Euronext Brussels
388,BELR,BELRECA,BE0020575115,,,,Euronext Brussels
389,BELU,BELUGA,BE0003723377,,,,Euronext Brussels
390,BEN,BENETEAU,FR0000035164,,,,Euronext Paris
391,BERR,FIN.ETANG BERRE,FR0000062341,,,,Euronext Paris
392,BESI,BE SEMICONDUCTOR,NL0012866412,,,,Euronext Amsterdam
393,BEVER,BEVER HOLDING,NL0000285278,,,,Euronext Amsterdam
394,BFISH,BIOFISH HOLDING,NO0010955198,,,,Euronext Growth Oslo
395,BFIT,BASIC-FIT,NL0011872650,,,,Euronext Amsterdam
396,BGHL,BOUSSARD GAVAUDAN,GG00B1FQG453,,,,Euronext Amsterdam
397,BGHS,BOUSSARD GHL GBP,GG00B39VMM07,,,,Euronext Amsterdam
398,BIG,BIGBEN INTERACTIVE,FR0000074072,,,,Euronext Paris
399,BIM,BIOMERIEUX,FR0013280286,,,,Euronext Paris
400,BIRG,BANK OF IRELAND GP,IE00BD1RP616,,,,Euronext Dublin
401,BLC,BASTIDE LE CONFORT,FR0000035370,,,,Euronext Paris
402,BLEE,BLEECKER,FR0000062150,,,,Euronext Paris
403,BLUBT,BLUELINEA BSA Y,FR0013480985,,,,Euronext Growth Paris
404,BLV,BELIEVE,FR0014003FE9,,,,Euronext Paris
405,BN,DANONE,FR0000120644,,,,Euronext Paris
406,BNB,BQUE NAT. BELGIQUE,BE0003008019,,,,Euronext Brussels
407,BNBS,DRONE VOLT BS26,FR0014007951,,,,Euronext Growth Paris
408,BNP,BNP PARIBAS ACT.A,FR0000131104,,,,Euronext Paris
409,BOI,BOIRON,FR0000061129,,,,Euronext Paris
410,BOKA,BOSKALIS WESTMIN,NL0000852580,,,,Euronext Amsterdam
411,BOL,BOLLORE,FR0000039299,,,,Euronext Paris
412,BOLS,LUCASBOLS,NL0010998878,,,,Euronext Amsterdam
413,BON,BONDUELLE,FR0000063935,,,,Euronext Paris
414,BOTHE,BONE THERAPEUTICS,BE0974280126,,,,Euronext Brussels
415,BPOST,BPOST,BE0974268972,,,,Euronext Brussels
416,BPSBS,BIOPHYTIS BSA,FR0013507290,,,,Euronext Growth Paris
417,BRA,BRABANK,NO0010167331,,,,Euronext Growth Oslo
418,BREB,BREDERODE,LU1068091351,,,,Euronext Brussels
419,BRILL,BRILL KON,NL0000442523,,,,Euronext Amsterdam
420,BRNL,BRUNEL INTERNAT,NL0010776944,,,,Euronext Amsterdam
421,BSD,BOURSE DIRECT,FR0000074254,,,,Euronext Paris
422,BSGR,B&S Group,LU1789205884,,,,Euronext Amsterdam
423,BSP,BLACK SEA PROPERTY,NO0010755101,,,,Euronext Growth Oslo
424,BTLS,BIOTALYS,BE0974386188,,,,Euronext Brussels
425,BUI,BARBARA BUI,FR0000062788,,,,Euronext Paris
426,BUR,BURELLE,FR0000061137,,,,Euronext Paris
427,BVI,BUREAU VERITAS,FR0006174348,,,,Euronext Paris
428,BWEK,BW Epic Kosan,SGXZ80461361,,,,Euronext Growth Oslo
429,BWIDL,BW IDEOL,NO0010947385,,,,Euronext Growth Oslo
430,C5H,CAIRN HOMES PLC,IE00BWY4ZF18,,,,Euronext Dublin
431,CA,CARREFOUR,FR0000120172,,,,Euronext Paris
432,CAF,CRCAM PARIS ET IDF,FR0000045528,,,,Euronext Paris
433,CAFO,CAFOM,FR0010151589,,,,Euronext Paris
434,CAMB,CAMPINE,BE0003825420,,,,Euronext Brussels
435,CAMBI,CAMBI,NO0010078850,,,,Euronext Growth Oslo
436,CAN,CANOPY HOLDINGS,NO0010781560,,,,Euronext Growth Oslo
437,CAND,CANDELA INVEST,BE0974298300,,,,Euronext Growth Brussels
438,CAP,CAPGEMINI,FR0000125338,,,,Euronext Paris
439,CAPLI,CAPELLI,FR0012969095,,,,Euronext Paris
440,CAPSL,CO2 CAPSOL,NO0010923121,,,,Euronext Growth Oslo
441,CARBN,CARBON TRANSITION,NO0010778095,,,,Euronext Expand Oslo
442,CARM,CARMILA,FR0010828137,,,,Euronext Paris
443,CARP,CARPINIENNE PART.,FR0000064156,,,,Euronext Paris
444,CAS,CAST,FR0000072894,,,,Euronext Paris
445,CAT31,CA TOULOUSE 31 CCI,FR0000045544,,,,Euronext Paris
446,CATG,CATANA GROUP,FR0010193052,,,,Euronext Paris
447,CATR,CATERPILLAR INC,US1491231015,,,,Euronext Paris
448,CBDG,CAMBODGE NOM.,FR0000079659,,,,Euronext Paris
449,CBE,ROBERTET CI,FR0000045601,,,,Euronext Paris
450,CBOT,CBO TERRITORIA,FR0010193979,,,,Euronext Paris
451,CBR,ROBERTET CDV 87,FR0000045619,,,,Euronext Paris
452,CBSM,SCBSM,FR0006239109,,,,Euronext Paris
453,CCEP,Coca-ColaEuropacif,GB00BDCPN049,,,,Euronext Amsterdam
454,CCN,CRCAM NORM.SEINE,FR0000044364,,,,Euronext Paris
455,CDA,ALPES (COMPAGNIE),FR0000053324,,,,Euronext Paris
456,CDI,CHRISTIAN DIOR,FR0000130403,,,,Euronext Paris
457,CDU,CONDURIL,PTCDU0AE0003,,,,Euronext Access Lisbon
458,CEN,GROUPE CRIT,FR0000036675,,,,Euronext Paris
459,CENER,CENERGY,BE0974303357,,,,Euronext Brussels
460,CFEB,CFE,BE0003883031,,,,Euronext Brussels
461,CFI,CFI,FR0000037475,,,,Euronext Paris
462,CGG,CGG,FR0013181864,,,,Euronext Paris
463,CGGBS,CGG BSA 1,FR0013309614,,,,Euronext Paris
464,CGGBT,CGG BSA 2,FR0013309622,,,,Euronext Paris
465,CGM,CEGEDIM,FR0000053506,,,,Euronext Paris
466,CHSR,CHAUSSERIA,FR0000060907,,,,Euronext Paris
467,CIB,CIBOX INTER A CTIV,FR0000054322,,,,Euronext Paris
468,CIRCA,CIRCA GROUP,NO0010917594,,,,Euronext Growth Oslo
469,CIV,CRCAM ILLE-VIL.CCI,FR0000045213,,,,Euronext Paris
470,CJBS,CROSSJECT BS,FR0014007HU2,,,,Euronext Growth Paris
471,CLA,CLARANOVA,FR0013426004,,,,Euronext Paris
472,CLB,CORE LABORATORIES,NL0000200384,,,,Euronext Amsterdam
473,CLEX,CUMULEX,BE0003463685,,,,Euronext Brussels
474,CMCOM,CM.COM,NL0012747059,,,,Euronext Amsterdam
475,CMO,CRCAM MORBIHAN CCI,FR0000045551,,,,Euronext Paris
476,CNF,CRCAM NORD CCI,FR0000185514,,,,Euronext Paris
477,CNP,CNP ASSURANCES,FR0000120222,,,,Euronext Paris
478,CNV,CNOVA,NL0010949392,,,,Euronext Paris
479,CO,CASINO GUICHARD,FR0000125585,,,,Euronext Paris
480,COBH,CO.BR.HA,BE0003519270,,,,Euronext Growth Brussels
481,COFA,COFACE,FR0010667147,,,,Euronext Paris
482,COFB,COFINIMMO,BE0003593044,,,,Euronext Brussels
483,COH,COHERIS,FR0004031763,,,,Euronext Paris
484,COLR,COLRUYT,BE0974256852,,,,Euronext Brussels
485,COM,CNIM GROUP,FR0000053399,,,,Euronext Paris
486,COMB,CIE BOIS SAUVAGE,BE0003592038,,,,Euronext Brussels
487,COR,CORTICEIRA AMORIM,PTCOR0AE0006,,,,Euronext Lisbon
488,CORRE,CORRE ENERGY B.V.,NL0015000DY3,,,,Euronext Growth Dublin
489,COUR,COURTOIS,FR0000065393,,,,Euronext Paris
490,COV,COVIVIO,FR0000064578,,,,Euronext Paris
491,COVH,COVIVIO HOTELS,FR0000060303,,,,Euronext Paris
492,COX,NICOX,FR0013018124,,,,Euronext Paris
493,CPA,COPAM,PTCPA0AP0006,,,,Euronext Access Lisbon
494,CPA1,CRYSTAL PEAK SHARE,KYG2581M1078,,,,Euronext Amsterdam
495,CPA1W,CRYSTAL PEAK WAR,KYG2581M1151,,,,Euronext Amsterdam
496,CPINV,CARE PROPERTY INV.,BE0974273055,,,,Euronext Brussels
497,CRAP,CRCAM ALP.PROV.CCI,FR0000044323,,,,Euronext Paris
498,CRAV,CRCAM ATL.VEND.CCI,FR0000185506,,,,Euronext Paris
499,CRBN,CORBION,NL0010583399,,,,Euronext Amsterdam
500,CRBP2,CRCAM BRIE PIC2CCI,FR0010483768,,,,Euronext Paris
501,CRG,CRH PLC ord,IE0001827041,,,,Euronext Dublin
502,CRI,CHARGEURS,FR0000130692,,,,Euronext Paris
503,CRLA,CRCAM LANGUED CCI,FR0010461053,,,,Euronext Paris
504,CRLO,CRCAM LOIRE HTE L.,FR0000045239,,,,Euronext Paris
505,CROS,CROSSWOOD,FR0000050395,,,,Euronext Paris
506,CRSU,CRCAM SUD R.A.CCI,FR0000045346,,,,Euronext Paris
507,CRTO,CRCAM TOURAINE CCI,FR0000045304,,,,Euronext Paris
508,CS,AXA,FR0000120628,,,,Euronext Paris
509,CSAM,CSAM HEALTH GROUP,NO0010894512,,,,Euronext Growth Oslo
510,CSNV,AXA NV22,FR00140074K5,,,,Euronext Paris
511,CSS,CLEAN SEAS SEAFOOD,AU000000CSS3,,,,Euronext Growth Oslo
512,CTAC,CTAC,NL0000345577,,,,Euronext Amsterdam
513,CTCA1,CTC ORD SHARES,NL0015000DC9,,,,Euronext Amsterdam
514,CTCT1,CTC TREAS SHARES,NL0015000F09,,,,Euronext Amsterdam
515,CTCW1,CTC WARRANTS,NL0015000DD7,,,,Euronext Amsterdam
516,CTPNV,CTP,NL00150006R6,,,,Euronext Amsterdam
517,CTRG,CATERING INTL SCES,FR0000064446,,,,Euronext Paris
518,CTT,CTT CORREIOS PORT,PTCTT0AM0001,,,,Euronext Lisbon
519,CUR,AGUAS DA CURIA,PTCUR0AP0000,,,,Euronext Access Lisbon
520,CV,ZCI LIMITED,BMG9887P1068,,,,Euronext Paris
521,CYAD,CELYAD ONCOLOGY,BE0974260896,,,,Euronext Brussels
522,CYBBT,CYBERGUN BSA 2,FR0013340817,,,,Euronext Growth Paris
523,CYBK1,CYBERGUN BSA K1,FR0013507977,,,,Euronext Growth Paris
524,CYBKA,CYBERGUN BSA K2A,FR0013507985,,,,Euronext Growth Paris
525,CYBKB,CYBERGUN BSA K2B,FR0013508009,,,,Euronext Growth Paris
526,CYVIZ,CYVIZ,NO0010015175,,,,Euronext Growth Oslo
527,DBG,DERICHEBOURG,FR0000053381,,,,Euronext Paris
528,DBV,DBV TECHNOLOGIES,FR0010417345,,,,Euronext Paris
529,DCACS,DISRUPTIVE CAP SHA,GG00BMB5XZ39,,,,Euronext Amsterdam
530,DCACW,DISRUPTIVE CAP WAR,GG00BMB5XY22,,,,Euronext Amsterdam
531,DD7D,BANK OF IR NCP STF,IE0000730808,,,,Euronext Dublin
532,DD7E,BANK OF IR NC PREF,IE0000730790,,,,Euronext Dublin
533,DD8A,CRH PLC 5PCCumPref,IE0001827264,,,,Euronext Dublin
534,DD8B,CRH PLC 7PCCumPref,IE0001827603,,,,Euronext Dublin
535,DEC,JC DECAUX SA.,FR0000077919,,,,Euronext Paris
536,DECB,DECEUNINCK,BE0003789063,,,,Euronext Brussels
537,DEE,DEE TECH SHARES,FR0014003G01,,,,Euronext Paris
538,DEEW,DEE TECH WARRANTS,FR0014003G19,,,,Euronext Paris
539,DEXB,DEXIA,BE0974290224,,,,Euronext Expert Market
540,DG,VINCI,FR0000125486,,,,Euronext Paris
541,DGB,DGB GROUP N.V.,NL0009169515,,,,Euronext Amsterdam
542,DGE,DIAGEO,GB0002374006,,,,Euronext Paris
543,DGM,DIAGNOSTIC MEDICAL,FR0012202497,,,,Euronext Paris
544,DHG,DALATA HOTEL GP.,IE00BJMZDW83,,,,Euronext Dublin
545,DIE,D'IETEREN GROUP,BE0974259880,,,,Euronext Brussels
546,DIEG,DIEGEM KENNEDYCERT,BE0003698124,,,,Euronext Brussels
547,DIM,SARTORIUS STED BIO,FR0013154002,,,,Euronext Paris
548,DISL,DISTRI-LAND CERT,BE0003605160,,,,Euronext Brussels
549,DKUPL,DEKUPLE,FR0000062978,,,,Euronext Paris
550,DLE,DATALEX PLC,IE0000527006,,,,Euronext Growth Dublin
551,DPA,DPA GROUP,NL0009197771,,,,Euronext Amsterdam
552,DPAM,DOCK.PETR.AMBES AM,FR0000065260,,,,Euronext Paris
553,DPT,ST DUPONT,FR0000054199,,,,Euronext Paris
554,DQ7A,DONEGAL INVESTMENT,IE00BLRPQQ22,,,,Euronext Growth Dublin
555,DSC2,DSC2,NL00150000S7,,,,Euronext Amsterdam
556,DSC2S,DSC2 TREAS SHARES,NL00150002R5,,,,Euronext Amsterdam
557,DSCW1,DUTCH STAR C W11,NL00150000T5,,,,Euronext Amsterdam
558,DSCW2,DUTCH STAR C W12,NL00150000U3,,,,Euronext Amsterdam
559,DSCW3,DUTCH STAR C W13,NL00150000V1,,,,Euronext Amsterdam
560,DSM,DSM KON,NL0000009827,,,,Euronext Amsterdam
561,DSRT,DESERT CONTROL,NO0010963275,,,,Euronext Growth Oslo
562,DSY,DASSAULT SYSTEMES,FR0014003TT8,,,,Euronext Paris
563,DSYNV,DASSAULT SYS NV22,FR00140078T7,,,,Euronext Paris
564,DVD,DEEP VALUE DRILLER,NO0010955917,,,,Euronext Growth Oslo
565,EAM,EAM SOLAR,NO0010607781,,,,Euronext Expand Oslo
566,EAS2P,EASE2PAY NV,NL0000345627,,,,Euronext Amsterdam
567,EBPF,FIN.ETANG BERRE PF,FR0000062507,,,,Euronext Paris
568,EBUS,EBUSCO HOLDING,NL0015000CZ2,,,,Euronext Amsterdam
569,EC,TOTAL GABON,GA0000121459,,,,Euronext Paris
570,ECIT,ECIT AS B-AKSJER,NO0010939804,,,,Euronext Growth Oslo
571,ECMPA,EUROCOMMERCIAL,NL0015000K93,,,,Euronext Amsterdam
572,ECO,ECOONLINE HOLDING,NO0010936891,,,,Euronext Growth Oslo
573,ECONB,ECONOCOM GROUP,BE0974313455,,,,Euronext Brussels
574,ECT,EUROCASTLE INVEST.,GB00B94QM994,,,,Euronext Amsterdam
575,EDEN,EDENRED,FR0010908533,,,,Euronext Paris
576,EDF,EDF,FR0010242511,,,,Euronext Paris
577,EDI,MEDIA 6,FR0000064404,,,,Euronext Paris
578,EDP,EDP,PTEDP0AM0009,,,,Euronext Lisbon
579,EDPR,EDP RENOVAVEIS,ES0127797019,,,,Euronext Lisbon
580,EEM,ELECT. MADAGASCAR,FR0000035719,,,,Euronext Paris
581,EFI,EURASIA FONC INV,FR0000061475,,,,Euronext Paris
582,EFIC1,EFIC1 ORD SHARES,NL00150006Z9,,,,Euronext Amsterdam
583,EFICT,EFIC1 TREASURY SH,NL00150009J7,,,,Euronext Amsterdam
584,EFICW,EFIC1 WARRANTS,NL00150007A0,,,,Euronext Amsterdam
585,EFUEL,EVERFUEL,DK0061414711,,,,Euronext Growth Oslo
586,EG7,FBD HOLDINGS PLC,IE0003290289,,,,Euronext Dublin
587,EGL,MOTA ENGIL,PTMEN0AE0005,,,,Euronext Lisbon
588,EGR,EVERGREEN,FR0000035784,,,,Euronext Paris
589,EHCS,EHC ORD SHARES,NL0015000K10,,,,Euronext Amsterdam
590,EHCT,EHC TREAS SHARES,NL0015000K02,,,,Euronext Amsterdam
591,EHCW,EHC WARRANTS,NL0015000K28,,,,Euronext Amsterdam
592,EIFF,TOUR EIFFEL,FR0000036816,,,,Euronext Paris
593,EKI,EKINOPS,FR0011466069,,,,Euronext Paris
594,EKOP,EKOPAK,BE0974380124,,,,Euronext Brussels
595,EL,ESSILORLUXOTTICA,FR0000121667,,,,Euronext Paris
596,ELABS,ELLIPTIC LABORATOR,NO0010722283,,,,Euronext Growth Oslo
597,ELEC,ELEC.STRASBOURG,FR0000031023,,,,Euronext Paris
598,ELI,ELIA GROUP,BE0003822393,,,,Euronext Brussels
599,ELIMP,ELEKTROIMPORTØREN,NO0010911902,,,,Euronext Growth Oslo
600,ELIOR,ELIOR GROUP,FR0011950732,,,,Euronext Paris
601,ELIS,ELIS,FR0012435121,,,,Euronext Paris
602,ELOP,ELOP,NO0010864036,,,,Euronext Growth Oslo
603,EMD,EMD MUSIC,BE0003849669,,,,Euronext Expert Market
604,EN,BOUYGUES,FR0000120503,,,,Euronext Paris
605,ENGB,ROSIER,BE0003575835,,,,Euronext Brussels
606,ENGI,ENGIE,FR0010208488,,,,Euronext Paris
607,ENNV,BOUYGUES NV22,FR0014006U75,,,,Euronext Paris
608,ENTPA,ENTP ORD SHARES,NL0015000F82,,,,Euronext Amsterdam
609,ENTPT,ENTP TREAS SHARES,NL0015000F90,,,,Euronext Amsterdam
610,ENTPW,ENTP WARRANTS,NL0015000FD2,,,,Euronext Amsterdam
611,ENVI,ENVIPCO,NL0015000GX8,,,,Euronext Amsterdam
612,ENVIP,ENVIPCO HOLDING,NL0015000GX8,,,,Euronext Growth Oslo
613,ENX,EURONEXT,NL0006294274,,,,Euronext Paris
614,ENXP,EURONEXT,NL0006294274,,,,Euronext Lisbon
615,EO,FAURECIA,FR0000121147,,,,Euronext Paris
616,EOS,ACTEOS,FR0000076861,,,,Euronext Paris
617,EPIC,EPIC Ord Shares,KYG3166N1060,,,,Euronext Amsterdam
618,EPICW,EPIC WARRANTS,KYG3166N1144,,,,Euronext Amsterdam
619,ERA,ERAMET,FR0000131757,,,,Euronext Paris
620,ERF,EUROFINS SCIENT.,FR0014000MR3,,,,Euronext Paris
621,ERFNV,EUROFINS SCIE NV22,FR0014006O73,,,,Euronext Paris
622,ERYP,ERYTECH PHARMA,FR0011471135,,,,Euronext Paris
623,ES,ESSO,FR0000120669,,,,Euronext Paris
624,ESG,ESG CORE INVEST,NL00150006O3,,,,Euronext Amsterdam
625,ESGT,ESG CORE TREAS SHA,NL00150006Q8,,,,Euronext Amsterdam
626,ESGWA,ESG CORE WARRANTS,NL00150006P0,,,,Euronext Amsterdam
627,ESI,ESI GROUP,FR0004110310,,,,Euronext Paris
628,ESON,ESTORIL SOL N,PTESO0AM0000,,,,Euronext Lisbon
629,ESP,ESPERITE,NL0009272137,,,,Euronext Amsterdam
630,ETL,EUTELSAT COMMUNIC.,FR0010221234,,,,Euronext Paris
631,EUCAR,EUROPCAR MOBILITY,FR0012789949,,,,Euronext Paris
632,EUR,EURO RESSOURCES,FR0000054678,,,,Euronext Paris
633,EURN,EURONAV,BE0003816338,,,,Euronext Brussels
634,EURS,FONCIERE EURIS,FR0000038499,,,,Euronext Paris
635,EVS,EVS BROADC.EQUIPM.,BE0003820371,,,,Euronext Brussels
636,EXE,EXEL INDUSTRIES,FR0004527638,,,,Euronext Paris
637,EXM,EXMAR,BE0003808251,,,,Euronext Brussels
638,EXN,EXCLUSIVE NETWORKS,FR0014005DA7,,,,Euronext Paris
639,EXPL,EXPLOSIFS PROD.CHI,FR0014003AQ4,,,,Euronext Paris
640,EXR,ENGAGE XR HOLDINGS,IE00BG0HDR01,,,,Euronext Growth Dublin
641,EXTX,EXACT THERAPEUTICS,NO0010852213,,,,Euronext Growth Oslo
642,FAGR,FAGRON,BE0003874915,,,,Euronext Brussels
643,FALG,FERMENTALG,FR0011271600,,,,Euronext Paris
644,FAST,FASTNED,NL0013654809,,,,Euronext Amsterdam
645,FATL,FONCIERE ATLAND,FR0013455482,,,,Euronext Paris
646,FAUV,FAUVET GIREL,FR0000063034,,,,Euronext Paris
647,FAYE,FAYENC.SARREGUEMI.,FR0000031973,,,,Euronext Paris
648,FBEL,BEL,FR0000121857,,,,Euronext Paris
649,FCMC,FERM.CAS.MUN.CANNE,FR0000062101,,,,Euronext Paris
650,FCP,FUT.CLUBE PORTO,PTFCP0AM0008,,,,Euronext Lisbon
651,FDJ,FDJ,FR0013451333,,,,Euronext Paris
652,FFARM,FORFARMERS,NL0011832811,,,,Euronext Amsterdam
653,FGA,FIGEAC AERO,FR0011665280,,,,Euronext Paris
654,FGR,EIFFAGE,FR0000130452,,,,Euronext Paris
655,FII,LISI,FR0000050353,,,,Euronext Paris
656,FINM,FINANCIERE MARJOS,FR0000060824,,,,Euronext Paris
657,FIPP,FIPP,FR0000038184,,,,Euronext Paris
658,FLEXD,FLEXDEAL,PTFXD0AM0018,,,,Euronext Lisbon
659,FLO,GROUPE FLO,FR0014004X25,,,,Euronext Paris
660,FLOB,FLORIDIENNE,BE0003215143,,,,Euronext Brussels
661,FLOW,FLOW TRADERS,NL0011279492,,,,Euronext Amsterdam
662,FLTR,FLUTTER ENTERTAIN,IE00BWT6H894,,,,Euronext Dublin
663,FLUX,FLUXYS BELGIUM D,BE0974265945,,,,Euronext Brussels
664,FLY,FONCIERE LYONNAISE,FR0000033409,,,,Euronext Paris
665,FLYR,FLYR,NO0010931900,,,,Euronext Growth Oslo
666,FLYRT,FLYR TR,NO0011198111,,,,Euronext Growth Oslo
667,FNAC,FNAC DARTY,FR0011476928,,,,Euronext Paris
668,FNG,FNG NV,BE0974332646,,,,Euronext Brussels
669,FNTS,FINATIS,FR0000035123,,,,Euronext Paris
670,FOAF,FIN.OUEST AFRICAIN,SN0000033192,,,,Euronext Paris
671,FORE,FORESTIERE EQUAT.,CI0000053161,,,,Euronext Paris
672,FORSE,FORSEE POWER,FR0014005SB3,,,,Euronext Paris
673,FOU,FOUNTAIN,BE0003752665,,,,Euronext Brussels
674,FPG,UNION TECH.INFOR.,FR0000074197,,,,Euronext Paris
675,FPN,SPAC,FR0011277391,,,,Euronext Paris
676,FR,VALEO,FR0013176526,,,,Euronext Paris
677,FREY,FREY,FR0010588079,,,,Euronext Paris
678,FTI,TECHNIPFMC,GB00BDSFG982,,,,Euronext Paris
679,FUR,FUGRO,NL00150003E1,,,,Euronext Amsterdam
680,GALIM,GALIMMO,FR0000030611,,,,Euronext Paris
681,GALP,GALP ENERGIA-NOM,PTGAL0AM0009,,,,Euronext Lisbon
682,GAM,GAUMONT,FR0000034894,,,,Euronext Paris
683,GBLB,GBL,BE0003797140,,,,Euronext Brussels
684,GBT,GUERBET,FR0000032526,,,,Euronext Paris
685,GDS,RAMSAY GEN SANTE,FR0000044471,,,,Euronext Paris
686,GEA,GEA GRENOBL.ELECT.,FR0000053035,,,,Euronext Paris
687,GEM,GREEN MINERALS,NO0010907744,,,,Euronext Growth Oslo
688,GENK,GENK LOGIST. CERT,BE0003740546,,,,Euronext Brussels
689,GENX,GENERIX GROUP,FR0010501692,,,,Euronext Paris
690,GEOS,GOLDEN ENERGY OFF,NO0010813843,,,,Euronext Growth Oslo
691,GEPBS,GEP BSA 2020,FR0013483047,,,,Euronext Growth Paris
692,GET,GETLINK SE,FR0010533075,,,,Euronext Paris
693,GFC,GECINA,FR0010040865,,,,Euronext Paris
694,GID,EGIDE,FR0000072373,,,,Euronext Paris
695,GIGA,GIGANTE SALMON,NO0011013765,,,,Euronext Growth Oslo
696,GIMB,GIMV,BE0003699130,,,,Euronext Brussels
697,GJAJ,GROUPE JAJ,FR0004010338,,,,Euronext Paris
698,GL9,GLANBIA PLC,IE0000669501,,,,Euronext Dublin
699,GLE,SOCIETE GENERALE,FR0000130809,,,,Euronext Paris
700,GLINT,GLINTT,PTPAD0AM0007,,,,Euronext Lisbon
701,GLO,GL EVENTS,FR0000066672,,,,Euronext Paris
702,GLPG,GALAPAGOS,BE0003818359,,,,Euronext Amsterdam
703,GNE,GENERAL ELECTRIC,US3696043013,,,,Euronext Paris
704,GNFT,GENFIT,FR0004163111,,,,Euronext Paris
705,GNP,GNP ENERGY,NO0010886013,,,,Euronext Growth Oslo
706,GNRO,GENEURO,CH0308403085,,,,Euronext Paris
707,GOE,GROUPE GORGE,FR0000062671,,,,Euronext Paris
708,GOJXN,GEOJUNXION,NL0000430106,,,,Euronext Amsterdam
709,GPA,IMOB.C GRAO PARA,PTGPA0AP0007,,,,Euronext Lisbon
710,GPE,GPE GROUP PIZZORNO,FR0010214064,,,,Euronext Paris
711,GREEN,GREENYARD,BE0003765790,,,,Euronext Brussels
712,GREV,MUSEE GREVIN,FR0000037970,,,,Euronext Paris
713,GRONG,GRONG SPAREBANK,NO0010636491,,,,Euronext Growth Oslo
714,GRP,GREENCOAT REN.,IE00BF2NR112,,,,Euronext Growth Dublin
715,GRVO,GRAINES VOLTZ,FR0000065971,,,,Euronext Paris
716,GRW,MOLTEN VENTURES,GB00BY7QYJ50,,,,Euronext Dublin
717,GTBP,GT BIOPHARMA INC,US36254L2097,,,,Euronext Paris
718,GTT,GTT,FR0011726835,,,,Euronext Paris
719,GUI,GUILLEMOT,FR0000066722,,,,Euronext Paris
720,GUI1,DIAGEO PLC,GB0002374006,,,,Euronext Dublin
721,GV,GENOMIC VISION,FR0011799907,,,,Euronext Paris
722,GVOLT,GREENVOLT,PTGNV0AM0001,,,,Euronext Lisbon
723,GVR,GLENVEAGH PROP.PLC,IE00BD6JX574,,,,Euronext Dublin
724,GYQ,FD TECHNOLOGIES,GB0031477770,,,,Euronext Growth Dublin
725,HAL,HAL TRUST,BMG455841020,,,,Euronext Amsterdam
726,HAMO,HAMON,BE0974352842,,,,Euronext Brussels
727,HAUTO,HÖEGH AUTOLINERS,NO0011082075,,,,Euronext Growth Oslo
728,HAV,HAV GROUP,NO0010931918,,,,Euronext Growth Oslo
729,HBCN,HEALTHBEACON SHA,IE00014QAJZ5,,,,Euronext Growth Dublin
730,HBRN,HIBERNIA REIT PLC,IE00BGHQ1986,,,,Euronext Dublin
731,HCO,HIGH CO,FR0000054231,,,,Euronext Paris
732,HDF,HDF,FR0014003VY4,,,,Euronext Paris
733,HDG,HUNTER DOUGLAS,ANN4327C1220,,,,Euronext Amsterdam
734,HDLY,HUDDLY,NO0010776990,,,,Euronext Growth Oslo
735,HDP,HOTELS DE PARIS,FR0004165801,,,,Euronext Paris
736,HEGA,HEDOSOPHIA ORD SHA,KYG4406A1022,,,,Euronext Amsterdam
737,HEGAU,HEDOSOPHIA UNITS,KYG4406A1287,,,,Euronext Amsterdam
738,HEGAW,HEDOSOPHIA WARRANT,KYG4406A1105,,,,Euronext Amsterdam
739,HEIA,HEINEKEN,NL0000009165,,,,Euronext Amsterdam
740,HEIJM,HEIJMANS,NL0009269109,,,,Euronext Amsterdam
741,HEIO,HEINEKEN HOLDING,NL0000008977,,,,Euronext Amsterdam
742,HEXA,HEXAOM,FR0004159473,,,,Euronext Paris
743,HKY,HAVILA KYSTRUTEN,NO0011045429,,,,Euronext Growth Oslo
744,HMONY,HARMONYCHAIN,NO0010921299,,,,Euronext Growth Oslo
745,HMSO,HAMMERSON PLC,GB00BK7YQK64,,,,Euronext Dublin
746,HO,THALES,FR0000121329,,,,Euronext Paris
747,HOC,HOUSE OF CONTROL,NO0010781818,,,,Euronext Growth Oslo
748,HOLCO,HOLLAND COLOURS,NL0000440311,,,,Euronext Amsterdam
749,HOLN,Holcim Ltd,CH0012214059,,,,Euronext Paris
750,HOMI,HOME INVEST BE.,BE0003760742,,,,Euronext Brussels
751,HOP,HOPSCOTCH GROUPE,FR0000065278,,,,Euronext Paris
752,HPUR,HEXAGON PURUS,NO0010904923,,,,Euronext Growth Oslo
753,HRGI,HORISONT ENERGI,NO0010917339,,,,Euronext Growth Oslo
754,HSHIP,HIMALAYA SHIPPING,BMG4660A1036,,,,Euronext Growth Oslo
755,HSW,HOSTELWORLD GROUP,GB00BYYN4225,,,,Euronext Dublin
756,HUDL,HUDDLESTOCK FINTEC,NO0010859648,,,,Euronext Growth Oslo
757,HUNDP,HUNTER DOUGLAS,ANN4327C1303,,,,Euronext Amsterdam
758,HUNT,HUNTER GROUP,NO0010283211,,,,Euronext Expand Oslo
759,HYDRA,HYDRATEC,NL0009391242,,,,Euronext Amsterdam
760,HYL,HYLORIS,BE0974363955,,,,Euronext Brussels
761,HYN,HYNION,NO0010920945,,,,Euronext Growth Oslo
762,HYPRO,HYDROGENPRO,NO0010892359,,,,Euronext Growth Oslo
763,HYSG,HYBRID SOFTWARE GR,GB00BYN5BY03,,,,Euronext Brussels
764,I2PO,I2PO SHARES,FR0014004J15,,,,Euronext Paris
765,I2POW,I2PO WARRANTS,FR0014004JF6,,,,Euronext Paris
766,IAM,MAROC TELECOM,MA0000011488,,,,Euronext Paris
767,IBAB,IBA,BE0003766806,,,,Euronext Brussels
768,ICAD,ICADE,FR0000035081,,,,Euronext Paris
769,ICE,OZ GROUP,BE0003860773,,,,Euronext Expert Market
770,ICEGR,ICE GROUP,NO0010734742,,,,Euronext Expand Oslo
771,IDIP,IDI,FR0000051393,,,,Euronext Paris
772,IDL,ID LOGISTICS GROUP,FR0010929125,,,,Euronext Paris
773,IEP,IEP INVEST,BE0003748622,,,,Euronext Brussels
774,IEX,IEX GROUP NV,NL0010556726,,,,Euronext Amsterdam
775,IFISH,ICE FISH FARM,NO0010884794,,,,Euronext Growth Oslo
776,IGE,IGE + XAO,FR0000030827,,,,Euronext Paris
777,IL0A,PERM. TSB GP. HOLD,IE00BWB8X525,,,,Euronext Dublin
778,IMCD,IMCD,NL0010801007,,,,Euronext Amsterdam
779,IMDA,IMMOB.DASSAULT,FR0000033243,,,,Euronext Paris
780,IMMO,IMMOBEL,BE0003599108,,,,Euronext Brussels
781,IMMOP,IMMOPOOL,BE0003866838,,,,Euronext Expert Market
782,IMMOU,IMMO MOURY,BE0003893139,,,,Euronext Brussels
783,INA,INAPA-INV.P.GESTAO,PTINA0AP0008,,,,Euronext Lisbon
784,INCLU,INCLUSIO SA/NV,BE0974374069,,,,Euronext Brussels
785,INDCT,INDUCT,NO0010536048,,,,Euronext Growth Oslo
786,INEA,FONCIERE INEA,FR0010341032,,,,Euronext Paris
787,INF,INFOTEL,FR0000071797,,,,Euronext Paris
788,INFE,INDLE FIN.ENTREPR.,FR0000066219,,,,Euronext Paris
789,INGA,ING GROEP N.V.,NL0011821202,,,,Euronext Amsterdam
790,INPHI,PHILIPS BUY BACK,NL0000009322,,,,Euronext Amsterdam
791,INPST,INPOST,LU2290522684,,,,Euronext Amsterdam
792,INSTA,INSTABANK,NO0010762792,,,,Euronext Growth Oslo
793,INTER,INTERTRUST,NL0010937058,,,,Euronext Amsterdam
794,INTO,INTERVEST OFF-WARE,BE0003746600,,,,Euronext Brussels
795,IPH,INNATE PHARMA,FR0010331421,,,,Euronext Paris
796,IPN,IPSEN,FR0010259150,,,,Euronext Paris
797,IPS,IPSOS,FR0000073298,,,,Euronext Paris
798,IPSNV,IPSOS NV22,FR00140078W1,,,,Euronext Paris
799,IR5B,IRISH CONT. GP.,IE00BLP58571,,,,Euronext Dublin
800,IRD,GROUPE IRD,FR0000124232,,,,Euronext Paris
801,IRES,IRISH RES. PROP.,IE00BJ34P519,,,,Euronext Dublin
802,ISLAX,ICELANDIC SALMON,NO0010724701,,,,Euronext Growth Oslo
803,ITE,ITESOFT,FR0004026151,,,,Euronext Paris
804,ITP,INTERPARFUMS,FR0004024222,,,,Euronext Paris
805,ITXT,INTEXA,FR0000064958,,,,Euronext Paris
806,IVA,INVENTIVA,FR0013233012,,,,Euronext Paris
807,IWS,INTEGRATED WIND SO,NO0010955883,,,,Euronext Growth Oslo
808,JBOG,JACQUES BOGART,FR0012872141,,,,Euronext Paris
809,JCQ,JACQUET METALS,FR0000033904,,,,Euronext Paris
810,JDEP,JDE PEET'S,NL0014332678,,,,Euronext Amsterdam
811,JEN,JENSEN-GROUP,BE0003858751,,,,Euronext Brussels
812,KAL,KALERA,NO0010874597,,,,Euronext Growth Oslo
813,KBC,KBC,BE0003565737,,,,Euronext Brussels
814,KBCA,KBC ANCORA,BE0003867844,,,,Euronext Brussels
815,KENDR,KENDRION,NL0000852531,,,,Euronext Amsterdam
816,KER,KERING,FR0000121485,,,,Euronext Paris
817,KEYW,KEYWARE TECH.,BE0003880979,,,,Euronext Brussels
818,KIN,KINEPOLIS GROUP,BE0974274061,,,,Euronext Brussels
819,KING,THE KINGFISH COMP,NL00150001S5,,,,Euronext Growth Oslo
820,KMR,KENMARE RESOURCES,IE00BDC5DG00,,,,Euronext Dublin
821,KOF,KAUFMAN ET BROAD,FR0004007813,,,,Euronext Paris
822,KORI,KORIAN,FR0010386334,,,,Euronext Paris
823,KPN,KPN KON,NL0000009082,,,,Euronext Amsterdam
824,KRAB,KRAFT BANK,NO0010815103,,,,Euronext Growth Oslo
825,KRX,KINGSPAN GROUP PLC,IE0004927939,,,,Euronext Dublin
826,KRZ,KERRY GROUP PLC,IE0004906560,,,,Euronext Dublin
827,KYOTO,KYOTO GROUP,NO0010936750,,,,Euronext Growth Oslo
828,LACR,LACROIX GROUP,FR0000066607,,,,Euronext Paris
829,LAT,LATECOERE,FR0000032278,,,,Euronext Paris
830,LBIRD,LUMIBIRD,FR0000038242,,,,Euronext Paris
831,LBON,LEBON,FR0000121295,,,,Euronext Paris
832,LEBL,FONCIERE 7 INVEST,FR0000065930,,,,Euronext Paris
833,LFDE,FRANCAISE ENERGIE,FR0013030152,,,,Euronext Paris
834,LI,KLEPIERRE,FR0000121964,,,,Euronext Paris
835,LIFE,LIFECARE,NO0010591191,,,,Euronext Growth Oslo
836,LIG,LISGRAFICA,PTLIG0AE0002,,,,Euronext Lisbon
837,LIGHT,SIGNIFY NV,NL0011821392,,,,Euronext Amsterdam
838,LIN,LINEDATA SERVICES,FR0004156297,,,,Euronext Paris
839,LIT,LITHO FORMAS,PTLIT0AE0005,,,,Euronext Access Lisbon
840,LNA,LNA SANTE,FR0004170017,,,,Euronext Paris
841,LOCAL,SOLOCAL GROUP,FR00140006O9,,,,Euronext Paris
842,LOTB,LOTUS BAKERIES,BE0003604155,,,,Euronext Brussels
843,LOUP,LDC,FR0013204336,,,,Euronext Paris
844,LPE,LAURENT-PERRIER,FR0006864484,,,,Euronext Paris
845,LR,LEGRAND,FR0010307819,,,,Euronext Paris
846,LSS,LECTRA,FR0000065484,,,,Euronext Paris
847,LSSNV,LECTRA NV22,FR00140078U5,,,,Euronext Paris
848,LTA,ALTAMIR,FR0000053837,,,,Euronext Paris
849,LUCBS,LUCIBEL BS,FR0013525953,,,,Euronext Growth Paris
850,LUMI,LUMI GRUPPEN,NO0010927288,,,,Euronext Growth Oslo
851,LVIDE,LAVIDE HOLDING,NL0010545679,,,,Euronext Amsterdam
852,LYS,LYSOGENE,FR0013233475,,,,Euronext Paris
853,LYTIX,LYTIX BIOPHARMA,NO0010405780,,,,Euronext Growth Oslo
854,MAAT,MAAT PHARMA,FR0012634822,,,,Euronext Paris
855,MAJ,MAJOREL GROUP LUX,LU2382956378,,,,Euronext Amsterdam
856,MALT,MALTERIES FCO-BEL.,FR0000030074,,,,Euronext Paris
857,MAN,MANUTAN INTL,FR0000032302,,,,Euronext Paris
858,MAR,MARTIFER,PTMFR0AM0003,,,,Euronext Lisbon
859,MAREL,MAREL,IS0000000388,,,,Euronext Amsterdam
860,MAS,MÅSØVAL,NO0010974983,,,,Euronext Growth Oslo
861,MASBS,MASTRAD BS29,FR0013472446,,,,Euronext Growth Paris
862,MAU,MAUREL ET PROM,FR0000051070,,,,Euronext Paris
863,MBWBT,MBWS BSA 2022,FR0013404944,,,,Euronext Paris
864,MBWS,MBWS,FR0000060873,,,,Euronext Paris
865,MBWSZ,MBWS BSAR 2023,FR0013066313,,,,Euronext Paris
866,MC,LVMH,FR0000121014,,,,Euronext Paris
867,MCC,IMMO MCC,BE0974287196,,,,Euronext Brussels
868,MCP,MEDIA CAPITAL,PTGMC0AM0003,,,,Euronext Lisbon
869,MCPHY,MCPHY ENERGY,FR0011742329,,,,Euronext Paris
870,MDM,MAISONS DU MONDE,FR0013153541,,,,Euronext Paris
871,MDXH,MDXHEALTH,BE0003844611,,,,Euronext Brussels
872,MEDCL,MEDINCELL,FR0004065605,,,,Euronext Paris
873,MELE,MELEXIS,BE0165385973,,,,Euronext Brussels
874,MEMS,MEMSCAP REGPT,FR0010298620,,,,Euronext Paris
875,MERY,MERCIALYS,FR0010241638,,,,Euronext Paris
876,METEX,METABOLIC EXPLORER,FR0004177046,,,,Euronext Paris
877,MF,WENDEL,FR0000121204,,,,Euronext Paris
878,MIKO,MIKO,BE0003731453,,,,Euronext Brussels
879,MIO,MINCON GROUP PLC,IE00BD64C665,,,,Euronext Growth Dublin
880,MITRA,MITHRA,BE0974283153,,,,Euronext Brussels
881,MKEA,MAUNA KEA TECH,FR0010609263,,,,Euronext Paris
882,ML,MICHELIN,FR0000121261,,,,Euronext Paris
883,ML350,RAPIDO PRET,FR0012395457,,,,Euronext Access Paris
884,MLAA,AGENCE AUTO,FR0014005WE9,,,,Euronext Access Paris
885,MLAAE,CAIRE,FR0010781377,,,,Euronext Access Paris
886,MLAAH,AMATHEON AGRI,NL0010273694,,,,Euronext Access Paris
887,MLAAT,AZOREAN TECH,PTAZR0AM0006,,,,Euronext Access Paris
888,MLABC,IGIS NEPTUNE,ES0105551008,,,,Euronext Access Paris
889,MLABO,TOUTABO,FR0010621722,,,,Euronext Access Paris
890,MLACT,ACTIVIUM GROUP,FR0010979377,,,,Euronext Access Paris
891,MLAEM,ASHLER ET MANSON,FR0012968485,,,,Euronext Access Paris
892,MLAGI,AG3I,FR0011908045,,,,Euronext Access Paris
893,MLAGP,AGP MALAGA SOCIMI,ES0105478004,,,,Euronext Access Paris
894,MLAHC,HEALTH,FR0013251584,,,,Euronext Access Paris
895,MLAIM,AIR MARINE,FR0013285103,,,,Euronext Access Paris
896,MLAIR,AIRWELL,FR0014003V77,,,,Euronext Access Paris
897,MLALE,ALEPH FINANCE,GB00BJ9M4V82,,,,Euronext Access Paris
898,MLALV,ALVEEN,FR0013253812,,,,Euronext Access Paris
899,MLAMY,MLD,FR0013268067,,,,Euronext Access Paris
900,MLARD,ARDOIN ST AMAND A,FR0005057635,,,,Euronext Access Paris
901,MLARI,ARIMELIA ITG,ES0105601001,,,,Euronext Access Paris
902,MLARO,AROCA DEL PINAR,ES0105486007,,,,Euronext Access Paris
903,MLATV,A TOUTE VITESSE,FR0010050773,,,,Euronext Access Paris
904,MLAUD,AUDIENCE LABS,FR0011896463,,,,Euronext Access Paris
905,MLAZL,AZ LEASING,IT0004812258,,,,Euronext Access Paris
906,MLBAR,BARINGS CORE SPAIN,ES0105362000,,,,Euronext Access Paris
907,MLBAT,BATLA MINERALS,FR0010436170,,,,Euronext Access Paris
908,MLBBO,BEBO HEALTH,CH1148983609,,,,Euronext Access Paris
909,MLBMD,BEACONSMIND,CH0451123589,,,,Euronext Access Paris
910,MLBSP,BLUE SHARK POWER,FR0013340973,,,,Euronext Access Paris
911,MLC,MALIN CORP. PLC,IE00BVGC3741,,,,Euronext Growth Dublin
912,MLCAC,LOMBARD ET MEDOT,FR0006205019,,,,Euronext Access Paris
913,MLCAN,EUROLOG CANOLA,ES0105586004,,,,Euronext Access Paris
914,MLCAS,GROUPE CASOL,FR0014003RM7,,,,Euronext Access Paris
915,MLCEC,CECURITY.COM,FR0010717579,,,,Euronext Access Paris
916,MLCFD,CH.FER DEPARTEMENT,FR0000037871,,,,Euronext Access Paris
917,MLCFM,CFM INDOSUEZWEALTH,MC0010000826,,,,Euronext Access Paris
918,MLCHE,CHEOPS TECHNOLOGY,FR0010447086,,,,Euronext Access Paris
919,MLCIO,CIOA,FR0012384907,,,,Euronext Access Paris
920,MLCLI,MAISON CLIO BLUE,FR0011092089,,,,Euronext Access Paris
921,MLCLP,COLIPAYS,FR0010959684,,,,Euronext Access Paris
922,MLCMB,CIE DU MONT BLANC,FR0000060428,,,,Euronext Access Paris
923,MLCMG,GRECEMAR,FR0013406881,,,,Euronext Access Paris
924,MLCMI,SCEMI,FR0010972091,,,,Euronext Access Paris
925,MLCNT,CONSORT NT,FR0000077828,,,,Euronext Access Paris
926,MLCOR,COREP LIGHTING,FR0010035816,,,,Euronext Access Paris
927,MLCOU,COURBET,FR0004998318,,,,Euronext Access Paris
928,MLCSA,CESYNT A SHARES,IT0005402034,,,,Euronext Access Paris
929,MLCSB,CESYNT B SHARES,IT0005398877,,,,Euronext Access Paris
930,MLCVG,CH.FER VAR GARD N.,FR0000051567,,,,Euronext Access Paris
931,MLDAM,DAMARIS,FR0000077885,,,,Euronext Access Paris
932,MLDYH,DESIGN YOUR HOME,SE0007045380,,,,Euronext Access Paris
933,MLDYN,DYNAFOND,FR0000052920,,,,Euronext Access Paris
934,MLDYX,DYNEX ENERGY SA,LU0881232630,,,,Euronext Access Paris
935,MLEAS,EASSON HOLDINGS,HK0000038783,,,,Euronext Access Paris
936,MLEAV,EAVS,FR0010536185,,,,Euronext Access Paris
937,MLECE,FAIFEY INVEST,ES0105553004,,,,Euronext Access Paris
938,MLECO,ECOLUTIONS,DE000A0XYM45,,,,Euronext Access Paris
939,MLEDR,EAUX DE ROYAN,FR0007200100,,,,Euronext Access Paris
940,MLEDS,EDITIONS DU SIGNE,FR0000052755,,,,Euronext Access Paris
941,MLEDU,EDUNIVERSAL,FR0010439265,,,,Euronext Access Paris
942,MLEES,EES,FR0010945733,,,,Euronext Access Paris
943,MLERO,EUROLAND CORPORATE,FR0010157115,,,,Euronext Access Paris
944,MLETA,METALLIANCE,FR0010492181,,,,Euronext Access Paris
945,MLEVE,EVERSET,FR0000044745,,,,Euronext Access Paris
946,MLFDV,FD,FR0012300424,,,,Euronext Access Paris
947,MLFIR,FIRSTCAUTION,CH0120879058,,,,Euronext Access Paris
948,MLFMV,FARMINVESTE,PTFNV1AM0002,,,,Euronext Access Lisbon
949,MLFNP,FNPTECHNOLOGIESSA,FR0013230067,,,,Euronext Access Paris
950,MLFSG,FRANCE SOIR GROUPE,FR0013222346,,,,Euronext Access Paris
951,MLFTI,FRANCE TOURISME,FR0010823724,,,,Euronext Access Paris
952,MLFXO,FINAXO,FR0010487272,,,,Euronext Access Paris
953,MLGAI,G.A.I.,FR0000053415,,,,Euronext Access Paris
954,MLGAL,GALEO,FR0011100759,,,,Euronext Access Paris
955,MLGDI,GUANDAO PUER INVES,LU1840650458,,,,Euronext Access Paris
956,MLGEQ,GENTLEMENS EQUITY,PTGVE1AE0009,,,,Euronext Access Paris
957,MLGML,GOUR MEDICAL,FR0013371507,,,,Euronext Access Paris
958,MLGRC,GROUPE CARNIVOR,FR0000076960,,,,Euronext Access Paris
959,MLHAY,HEALTHCARE ACTIVOS,ES0105498002,,,,Euronext Access Paris
960,MLHBB,HOCHE BAINS L.BAIN,FR0000051302,,,,Euronext Access Paris
961,MLHCF,HOME CONCEPT,FR0012336691,,,,Euronext Access Paris
962,MLHIN,HOTL.IMMOB.NICE,FR0006563904,,,,Euronext Access Paris
963,MLHK,HK,DE000A11Q133,,,,Euronext Access Paris
964,MLHMC,HOT.MAJESTIC CANNE,FR0006226791,,,,Euronext Access Paris
965,MLHOP,PART.INDLES MINI.,FR0006823092,,,,Euronext Access Paris
966,MLHOT,HOTELIM,FR0000053738,,,,Euronext Access Paris
967,MLHPE,HOPENING,FR0010312181,,,,Euronext Access Paris
968,MLHPI,HOPIUM,FR0014000U63,,,,Euronext Access Paris
969,MLHYD,HYDRAULIQUE PB,FR0000064735,,,,Euronext Access Paris
970,MLHYE,HYDRO-EXPLOIT.,FR0005843125,,,,Euronext Access Paris
971,MLIDP,INNOVADERMA PLC,GB00BT9PTW34,,,,Euronext Access Paris
972,MLIDS,IDS,FR0000079691,,,,Euronext Access Paris
973,MLIFC,INFOCLIP,FR0011158823,,,,Euronext Access Paris
974,MLIFS,IMPULSE FITNESS,ES0105590006,,,,Euronext Access Paris
975,MLIML,IMALLIANCE,FR0010086371,,,,Euronext Access Paris
976,MLIMP,IMPRIMERIE CHIRAT,FR0000065773,,,,Euronext Access Paris
977,MLINM,INMARK,ES0105511002,,,,Euronext Access Paris
978,MLINT,IANTE INVESTMENTS,ES0105479002,,,,Euronext Access Paris
979,MLIOC,IOC HOLDING,BE6200101556,,,,Euronext Access Paris
980,MLIPO,IPOSA PROPERTIES,ES0105417002,,,,Euronext Access Paris
981,MLIPP,IMM.PARIS.PERLE,FR0006859039,,,,Euronext Access Paris
982,MLIRF,INNOVATIVE RFK SPA,IT0005391161,,,,Euronext Access Paris
983,MLISP,INMOSUPA,ES0105473005,,,,Euronext Access Paris
984,MLITN,ITALY INNOVAZIONI,IT0005336521,,,,Euronext Access Paris
985,MLJDL,RES GESTAE SOCIMI,ES0105550000,,,,Euronext Access Paris
986,MLJSA,JSA TECHNOLOGY,FR0010680033,,,,Euronext Access Paris
987,MLKTS,KTESIOS REAL ESTAT,ES0105536009,,,,Euronext Access Lisbon
988,MLLAB,MEDIA LAB,IT0005324105,,,,Euronext Access Paris
989,MLLCB,CONSTRUCTEURS BOIS,FR00140007I9,,,,Euronext Access Paris
990,MLLOG,LOGIS CONFORT,ES0105333001,,,,Euronext Access Paris
991,MLLOI,LOCASYSTEM INTL,FR0004155208,,,,Euronext Access Paris
992,MLM24,MULTI 24,PTMUS0AM0018,,,,Euronext Access Lisbon
993,MLMAB,MAIS.ANTOINE BAUD,FR0000061657,,,,Euronext Access Paris
994,MLMAD,MADE,FR0010328302,,,,Euronext Access Paris
995,MLMAQ,MAQ ADMON. URBANAS,ES0105447009,,,,Euronext Access Paris
996,MLMAT,SIMAT,CI0000000832,,,,Euronext Access Paris
997,MLMCE,MEDIOCREDITO EUROP,IT0004844848,,,,Euronext Access Paris
998,MLMFI,CONDOR TECHNOLOG,BE6252013725,,,,Euronext Access Paris
999,MLMGL,MAGILLEM,FR0010827741,,,,Euronext Access Paris
1000,MLMIB,METRICS IN BALANCE,BE0974328602,,,,Euronext Access Paris
1001,MLMIV,MERIDIA RE IV,ES0105559001,,,,Euronext Access Paris
1002,MLMON,MONFINANCIER,FR0010882886,,,,Euronext Access Paris
1003,MLMR,MONUMENTAL RES,PTMNN0AE0006,,,,Euronext Access Lisbon
1004,MLMTD,MTD FINANCE,FR0010518936,,,,Euronext Access Paris
1005,MLMUL,MULANN,FR0012990968,,,,Euronext Access Paris
1006,MLNDG,GLOBAL PIELAGO,ES0105537007,,,,Euronext Access Paris
1007,MLNEO,NEOCOM MULTIMEDIA,FR0004157543,,,,Euronext Access Paris
1008,MLNEU,NEUFCOUR-FIN.,BE0003680916,,,,Euronext Access Brussels
1009,MLNMA,MIGUET ET ASSOCIES,FR0010500363,,,,Euronext Access Paris
1010,MLNOV,NOVATECH IND.,FR0000185464,,,,Euronext Access Paris
1011,MLOCT,OCTOPUS BIOSAFETY,FR0013310281,,,,Euronext Access Paris
1012,MLOEX,ONE EXPERIENCE,FR0013266772,,,,Euronext Access Paris
1013,MLONE,BODY ONE,FR0010106039,,,,Euronext Access Paris
1014,MLONL,ONLINEFORMAPRO,FR0004174712,,,,Euronext Access Paris
1015,MLORB,ORBIS PROPERTIES,ES0105490009,,,,Euronext Access Paris
1016,MLORE,OLIMPO REAL ESTATE,PTOTP0AM0004,,,,Euronext Access Lisbon
1017,MLORQ,ORINOQUIA,ES0105534004,,,,Euronext Access Paris
1018,MLOSA,O SORBET D AMOUR,FR0013072741,,,,Euronext Access Paris
1019,MLPAC,PACTE NOVATION,FR0000077992,,,,Euronext Access Paris
1020,MLPAP,LES AGENCES DE PAP,FR0014003I41,,,,Euronext Access Paris
1021,MLPER,PERSEIDA RENTA,ES0105612008,,,,Euronext Access Paris
1022,MLPHO,PHOTONIKE CAPITAL,BE0948608451,,,,Euronext Access Paris
1023,MLPHW,PHONE WEB,FR0000185480,,,,Euronext Access Paris
1024,MLPLC,PLACOPLATRE,FR0000030769,,,,Euronext Access Paris
1025,MLPRI,PROP.IMMEUBLES,FR0000061376,,,,Euronext Access Paris
1026,MLPRO,PROVENTURE GOLD,CA74375L1058,,,,Euronext Access Paris
1027,MLPRX,PARX MATERIALS NV,NL0012650535,,,,Euronext Access Paris
1028,MLPSH,TPSH,FR0011040690,,,,Euronext Access Paris
1029,MLPVG,GROUPE PLUS-VALUES,FR0010529719,,,,Euronext Access Paris
1030,MLREX,REVIVAL EXPANSION,FR0000077232,,,,Euronext Access Paris
1031,MLROU,ROUSSELET CENTRIF.,FR0000035750,,,,Euronext Access Paris
1032,MLRSR,RSR SINGULAR,ES0105505004,,,,Euronext Access Lisbon
1033,MLRZE,RAIZE,PTRIZ0AM0009,,,,Euronext Access Lisbon
1034,MLSBT,SBT,FR0004175222,,,,Euronext Access Paris
1035,MLSCH,SCHOBRUNN PARIS,FR0010961920,,,,Euronext Access Paris
1036,MLSCI,SCIENTIA SCHOOL,ES0105592002,,,,Euronext Access Paris
1037,MLSDN,SAVONNERIE NYONS,FR0013155975,,,,Euronext Access Paris
1038,MLSEQ,SEQUA PETROLEUM NV,NL0010623518,,,,Euronext Access Paris
1039,MLSFI,GROUP SFIT,FR00140066X4,,,,Euronext Access Paris
1040,MLSHD,SCANDINAVIAN HOUSE,CH0220529603,,,,Euronext Access Paris
1041,MLSIL,SILC,FR0010679365,,,,Euronext Access Paris
1042,MLSKN,MICROSKIN,GB00BF553726,,,,Euronext Access Paris
1043,MLSML,SMALTO,FR0011131788,,,,Euronext Access Paris
1044,MLSMP,SEMPLICEMENTE SpA,IT0005072811,,,,Euronext Access Paris
1045,MLSRP,SPEED RABBIT PIZZA,FR0000054371,,,,Euronext Access Paris
1046,MLSTR,STREIT MECANIQUE,FR0000063976,,,,Euronext Access Paris
1047,MLSUM,SUMO RESOURCES PLC,GB00B8GJBS16,,,,Euronext Access Paris
1048,MLTEA,TEAM,FR0000033466,,,,Euronext Access Paris
1049,MLTRA,TRAMWAYS DE ROUEN,FR0000031866,,,,Euronext Access Paris
1050,MLTRO,TROC ILE,FR0000031106,,,,Euronext Access Paris
1051,MLTV,CHOICE,BE0974370026,,,,Euronext Access Brussels
1052,MLUMG,UMALIS GROUP,FR0011776889,,,,Euronext Access Paris
1053,MLUMH,UNI.METALG.HT-SEI.,FR0005783503,,,,Euronext Access Paris
1054,MLV4S,LV4S,BE6201089735,,,,Euronext Access Paris
1055,MLVAL,VALONEO,FR0012833770,,,,Euronext Access Paris
1056,MLVER,VERNEY CARRON,FR0006174496,,,,Euronext Access Paris
1057,MLVIE,INTEGRITAS VIAGER,FR0014003FN0,,,,Euronext Access Paris
1058,MLVIN,FONCIERE VINDI,FR0011605617,,,,Euronext Access Paris
1059,MLVIS,VISIO NERF,FR0010033480,,,,Euronext Access Paris
1060,MLVRE,VANDOR REAL ESTATE,ES0105623005,,,,Euronext Access Paris
1061,MLVRF,VREF SEVILLE,ES0105492005,,,,Euronext Access Paris
1062,MLVST,TELEVISTA,FR0011076595,,,,Euronext Access Paris
1063,MLWEA,WEACCESS GROUP,FR0010688465,,,,Euronext Access Paris
1064,MLWEL,WELL,FR0004152700,,,,Euronext Access Paris
1065,MLWEY,WEYA,FR0010768770,,,,Euronext Access Paris
1066,MLWIZ,WIZIBOAT,FR00140047H7,,,,Euronext Access Paris
1067,MLWRC,WHITENI R CAJAL,ES0105399002,,,,Euronext Access Paris
1068,MLZAM,ZCCM,ZM0000000037,,,,Euronext Access Paris
1069,MMB,LAGARDERE SA,FR0000130213,,,,Euronext Paris
1070,MMT,METROPOLE TV,FR0000053225,,,,Euronext Paris
1071,MNTR,MINTRA HOLDING,NO0010895022,,,,Euronext Growth Oslo
1072,MONC,MONCEY (FIN.) NOM.,FR0000076986,,,,Euronext Paris
1073,MONT,MONTEA,BE0003853703,,,,Euronext Brussels
1074,MOP,MOPOLI,NL0000488153,,,,Euronext Brussels
1075,MOPF,MOPOLI FOND,NL0000488161,,,,Euronext Brussels
1076,MORE,MOREFIELD GROUP,CWN814651014,,,,Euronext Amsterdam
1077,MOUR,MOURY CONSTRUCT,BE0003602134,,,,Euronext Brussels
1078,MPCES,MPC ENERGY SOLUTIO,NL0015268814,,,,Euronext Growth Oslo
1079,MRK,MERCK AND CO INC,US58933Y1055,,,,Euronext Paris
1080,MRL,MERLIN PROPERTIES,ES0105025003,,,,Euronext Lisbon
1081,MRM,M.R.M,FR0000060196,,,,Euronext Paris
1082,MRN,MERSEN,FR0000039620,,,,Euronext Paris
1083,MT,ARCELORMITTAL SA,LU1598757687,,,,Euronext Amsterdam
1084,MTRK,MOTORK,GB00BMXH3352,,,,Euronext Amsterdam
1085,MTU,MANITOU BF,FR0000038606,,,,Euronext Paris
1086,MUN,MICROPOLE,FR0000077570,,,,Euronext Paris
1087,MVW,M VEST WATER,NO0010976343,,,,Euronext Growth Oslo
1088,NACON,NACON,FR0013482791,,,,Euronext Paris
1089,NAI,NAI ORD SHARES,NL0015000CG2,,,,Euronext Amsterdam
1090,NAITR,NAI TREAS SHARES,NL0015000CF4,,,,Euronext Amsterdam
1091,NAIW,NAI WARRANTS,NL0015000CH0,,,,Euronext Amsterdam
1092,NANO,NANOBIOTIX,FR0011341205,,,,Euronext Paris
1093,NAVYA,NAVYA,FR0013018041,,,,Euronext Paris
1094,NBX,NORWEGIAN BLOCK EX,NO0010984966,,,,Euronext Growth Oslo
1095,NCOD,NORCOD,NO0010892912,,,,Euronext Growth Oslo
1096,NEDAP,NEDAP,NL0000371243,,,,Euronext Amsterdam
1097,NEDSE,MKB Nedsense,NL0009312842,,,,Euronext Amsterdam
1098,NEOEN,NEOEN,FR0011675362,,,,Euronext Paris
1099,NEWAY,NEWAYS ELECTRONICS,NL0000440618,,,,Euronext Amsterdam
1100,NEWT,NEWTREE,BE0003832491,,,,Euronext Access Brussels
1101,NEX,NEXANS,FR0000044448,,,,Euronext Paris
1102,NEXTA,NEXTENSA,BE0003770840,,,,Euronext Brussels
1103,NEXTS,NEXTSTAGE,FR0012789386,,,,Euronext Paris
1104,NHOA,NHOA,FR0012650166,,,,Euronext Paris
1105,NISB,NIDAROS SPAREBANK,NO0010733082,,,,Euronext Growth Oslo
1106,NK,IMERYS,FR0000120859,,,,Euronext Paris
1107,NLFBS,NEOLIFE BS,FR0013282936,,,,Euronext Growth Paris
1108,NN,NN GROUP,NL0010773842,,,,Euronext Amsterdam
1109,NOAP,NORDIC AQUA PART,DK0061414638,,,,Euronext Growth Oslo
1110,NOC,NETOIL CAPITAL,GB00BF2PG875,,,,Euronext Growth Oslo
1111,NOHAL,NORDIC HALIBUT,NO0003058109,,,,Euronext Growth Oslo
1112,NOKIA,NOKIA,FI0009000681,,,,Euronext Paris
1113,NOM,NORDIC MINING,NO0010317340,,,,Euronext Expand Oslo
1114,NORDH,NORDHEALTH A-AKSJE,NO0011002651,,,,Euronext Growth Oslo
1115,NORSE,NORSE ATLANTIC,NO0010946445,,,,Euronext Growth Oslo
1116,NORTH,NORTH ENERGY,NO0010550056,,,,Euronext Expand Oslo
1117,NOS,"NOS, SGPS",PTZON0AM0006,,,,Euronext Lisbon
1118,NR21,NR21,FR0014001PV6,,,,Euronext Paris
1119,NRG,NRJ GROUP,FR0000121691,,,,Euronext Paris
1120,NRO,NEURONES,FR0004050250,,,,Euronext Paris
1121,NRP,NEPI ROCKCASTLE,IM00BDD7WV31,,,,Euronext Amsterdam
1122,NSE,NEW SOURCES ENERGY,NL0009822014,,,,Euronext Amsterdam
1123,NSI,NSI N.V.,NL0012365084,,,,Euronext Amsterdam
1124,NSOL,NORSK SOLAR,NO0010941925,,,,Euronext Growth Oslo
1125,NTEL,NORTEL,NO0010900087,,,,Euronext Growth Oslo
1126,NTI,NORSK TITANIUM,NO0010969108,,,,Euronext Growth Oslo
1127,NUMND,NORDIC UNMANNED,NO0010907090,,,,Euronext Growth Oslo
1128,NVG,THE NAVIGATOR COMP,PTPTI0AM0006,,,,Euronext Lisbon
1129,NXFIL,NX FILTRATION,NL0015000D50,,,,Euronext Amsterdam
1130,NXI,NEXITY,FR0010112524,,,,Euronext Paris
1131,NYKD,NYKODE THERAPEUTIC,NO0010714785,,,,Euronext Growth Oslo
1132,NYR,NYRSTAR,BE0974294267,,,,Euronext Brussels
1133,NYXH,NYXOAH,BE0974358906,,,,Euronext Brussels
1134,OBEL,ORANGE BELGIUM,BE0003735496,,,,Euronext Brussels
1135,OBSRV,OBSERVE MEDICAL,NO0010865009,,,,Euronext Expand Oslo
1136,OCI,OCI,NL0010558797,,,,Euronext Amsterdam
1137,ODET,COMPAGNIE ODET,FR0000062234,,,,Euronext Paris
1138,ODYSW,ODYSSEY WARRANTS,LU2355630968,,,,Euronext Amsterdam
1139,ODYSY,ODYSSEY ORD SHARES,LU2355630455,,,,Euronext Amsterdam
1140,OIZ,ORIGIN ENT. PLC,IE00B1WV4493,,,,Euronext Growth Dublin
1141,OLG,OL GROUPE,FR0010428771,,,,Euronext Paris
1142,ONTEX,ONTEX GROUP,BE0974276082,,,,Euronext Brussels
1143,ONWD,ONWARD MEDICAL,NL0015000HT4,,,,Euronext Brussels
1144,OPN,GROUPE OPEN,FR0004050300,,,,Euronext Paris
1145,OPTI,CRESCENT,BE0003836534,,,,Euronext Brussels
1146,OR,L'OREAL,FR0000120321,,,,Euronext Paris
1147,ORA,ORANGE,FR0000133308,,,,Euronext Paris
1148,ORANW,ORANJEWOUD A,NL0000370419,,,,Euronext Amsterdam
1149,ORAP,ORAPI,FR0000075392,,,,Euronext Paris
1150,ORAPB,ORAPI BSA,FR0013522216,,,,Euronext Paris
1151,ORDI,ORDINA,NL0000440584,,,,Euronext Amsterdam
1152,ORE,OREY ANTUNES ESC.,PTORE0AM0002,,,,Euronext Lisbon
1153,OREGE,OREGE,FR0010609206,,,,Euronext Paris
1154,ORIA,FIDUCIAL REAL EST.,FR0000060535,,,,Euronext Paris
1155,ORN,ØRN SOFTWARE HLD.,NO0010934748,,,,Euronext Growth Oslo
1156,ORP,ORPEA,FR0000184798,,,,Euronext Paris
1157,ORPH,OPEN ORPHAN PLC,GB00B9275X97,,,,Euronext Growth Dublin
1158,ORQ1,ORMONDE MINING PLC,IE00BF0MZF04,,,,Euronext Growth Dublin
1159,OSE,OSE IMMUNO,FR0012127173,,,,Euronext Paris
1160,OSUN,OCEAN SUN,NO0010887565,,,,Euronext Growth Oslo
1161,OTOVO,OTOVO,NO0010809783,,,,Euronext Growth Oslo
1162,OVH,OVH,FR0014005HJ9,,,,Euronext Paris
1163,OVXA,OVOCA BIO PLC,IE00B4XVDC01,,,,Euronext Growth Dublin
1164,OXUR,OXURION,BE0003846632,,,,Euronext Brussels
1165,P8ET,PETRONEFT RES.,IE00B0Q82B24,,,,Euronext Growth Dublin
1166,PABSA,PARROT BSA 1,FR0013054269,,,,Euronext Paris
1167,PABSB,PARROT BSA 2,FR0013054335,,,,Euronext Paris
1168,PACE,PEGASUS ORD SHARES,NL00150009D0,,,,Euronext Amsterdam
1169,PACEU,PEGASUS UNITS,NL00150009E8,,,,Euronext Amsterdam
1170,PACEW,PEGASUS WARRANTS,NL00150009B4,,,,Euronext Amsterdam
1171,PAR,PAREF,FR0010263202,,,,Euronext Paris
1172,PARP,GROUPE PARTOUCHE,FR0012612646,,,,Euronext Paris
1173,PARRO,PARROT,FR0004038263,,,,Euronext Paris
1174,PAT,PATRIMOINE ET COMM,FR0011027135,,,,Euronext Paris
1175,PATBS,PLANT ADVANCED BS,FR0011844067,,,,Euronext Growth Paris
1176,PAY,PAYTON PLANAR,IL0010830391,,,,Euronext Brussels
1177,PCA,PCAS,FR0000053514,,,,Euronext Paris
1178,PEACE,PEGASUS ENTREP SHA,NL0015000H31,,,,Euronext Amsterdam
1179,PEACW,PEGASUS ENTREP WAR,NL0015000H56,,,,Euronext Amsterdam
1180,PERR,PERRIER (GERARD),FR0000061459,,,,Euronext Paris
1181,PEUG,PEUGEOT INVEST,FR0000064784,,,,Euronext Paris
1182,PHA,PHARMAGEST INTER.,FR0012882389,,,,Euronext Paris
1183,PHARM,PHARMING GROUP,NL0010391025,,,,Euronext Amsterdam
1184,PHIA,PHILIPS KON,NL0000009538,,,,Euronext Amsterdam
1185,PHLY,PHILLY SHIPYARD,NO0010395577,,,,Euronext Expand Oslo
1186,PHR,PHAROL,PTPTC0AM0009,,,,Euronext Lisbon
1187,PIC,PICANOL,BE0003807246,,,,Euronext Brussels
1188,PID,PARAGON ID,FR0013318813,,,,Euronext Paris
1189,PIG,HAULOTTE GROUP,FR0000066755,,,,Euronext Paris
1190,PMG,PLAY MAGNUS,NO0010890726,,,,Euronext Growth Oslo
1191,PNL,POSTNL,NL0009739416,,,,Euronext Amsterdam
1192,PNOR,PETRONOR E&P LTD,AU0000057408,,,,Euronext Expand Oslo
1193,PNSB,UCARE SERVICES BEL,BE0003838555,,,,Euronext Access Brussels
1194,POM,PLASTIC OMNIUM,FR0000124570,,,,Euronext Paris
1195,PORF,PORCELEYNE FLES,NL0000378669,,,,Euronext Amsterdam
1196,POXEL,POXEL,FR0012432516,,,,Euronext Paris
1197,PPG,PIONEER PROPERTY,NO0010735681,,,,Euronext Expand Oslo
1198,PPLA,PPLA European Unit,US69355L1098,,,,Euronext Amsterdam
1199,PPLAA,PPLA CLASS A,BMG7209L1000,,,,Euronext Amsterdam
1200,PPLAB,PPLA CLASS B,BMG7209L1182,,,,Euronext Amsterdam
1201,PRC,ARTMARKET COM,FR0000074783,,,,Euronext Paris
1202,PREC,PRECIA,FR0014004EC4,,,,Euronext Paris
1203,PREVA,VALUE8 CUM PREF,NL0015118803,,,,Euronext Amsterdam
1204,PROAC,PROACTIS SA,FR0004052561,,,,Euronext Paris
1205,PROBS,PROLOGUE BSA 2017,FR0013268042,,,,Euronext Growth Paris
1206,PROBT,PROLOGUE BSA,FR0013398617,,,,Euronext Growth Paris
1207,PROL,PROLOGUE,FR0010380626,,,,Euronext Paris
1208,PROX,PROXIMUS,BE0003810273,,,,Euronext Brussels
1209,PROXI,PROXIMAR SEAFOOD,NO0010893902,,,,Euronext Growth Oslo
1210,PRX,PROSUS,NL0013654783,,,,Euronext Amsterdam
1211,PRYME,PRYME,NL00150005Z1,,,,Euronext Growth Oslo
1212,PSAT,PASSAT,FR0000038465,,,,Euronext Paris
1213,PSH,PERSHING,GG00BPFJTF46,,,,Euronext Amsterdam
1214,PSKY,PATIENTSKY GROUP,NO0010895667,,,,Euronext Growth Oslo
1215,PUB,PUBLICIS GROUPE SA,FR0000130577,,,,Euronext Paris
1216,PUBBS,PUBLICIS BSA,FR0000312928,,,,Euronext Paris
1217,PVL,PLAST.VAL LOIRE,FR0013252186,,,,Euronext Paris
1218,PWG,PRODWAYS,FR0012613610,,,,Euronext Paris
1219,PYRUM,PYRUM INNOVATIONS,DE000A2G8ZX8,,,,Euronext Growth Oslo
1220,PZQA,PROVIDENCE RES.,IE00B66B5T26,,,,Euronext Growth Dublin
1221,QDT,QUADIENT,FR0000120560,,,,Euronext Paris
1222,QFG,QUESTFOR GR-PRICAF,BE0003730448,,,,Euronext Brussels
1223,QFUEL,QUANTAFUEL,NO0010785967,,,,Euronext Growth Oslo
1224,QRF,QRF,BE0974272040,,,,Euronext Brussels
1225,QUEST,QUESTBACK GROUP,NO0011019119,,,,Euronext Growth Oslo
1226,QWABS,QWAMPLIFY BSAANE,FR0013472677,,,,Euronext Growth Paris
1227,R8P,R8 PROPERTY,NO0010859689,,,,Euronext Growth Oslo
1228,RAL,RALLYE,FR0000060618,,,,Euronext Paris
1229,RAM,RAMADA,PTFRV0AE0004,,,,Euronext Lisbon
1230,RANA,RANA GRUBER,NO0010907389,,,,Euronext Growth Oslo
1231,RAND,RANDSTAD NV,NL0000379121,,,,Euronext Amsterdam
1232,RBO,ROCHE BOBOIS,FR0013344173,,,,Euronext Paris
1233,RBT,ROBERTET,FR0000039091,,,,Euronext Paris
1234,RCO,REMY COINTREAU,FR0000130395,,,,Euronext Paris
1235,RDSA,ROYAL DUTCH SHELLA,GB00B03MLX29,,,,Euronext Amsterdam
1236,RDSB,ROYAL DUTCH SHELLB,GB00B03MM408,,,,Euronext Amsterdam
1237,RE,COLAS,FR0000121634,,,,Euronext Paris
1238,REAL,REALCO,BE0003841583,,,,Euronext Access Brussels
1239,REC,RECTICEL,BE0003656676,,,,Euronext Brussels
1240,REI,REIBEL,BE0003829463,,,,Euronext Access Brussels
1241,REINA,REINET INVESTMENTS,LU0383812293,,,,Euronext Amsterdam
1242,REN,RELX,GB00B2B0DG97,,,,Euronext Amsterdam
1243,RENE,REN,PTREL0AM0008,,,,Euronext Lisbon
1244,RES,RESILUX,BE0003707214,,,,Euronext Brussels
1245,RET,RETAIL ESTATES,BE0003720340,,,,Euronext Brussels
1246,RF,EURAZEO,FR0000121121,,,,Euronext Paris
1247,RI,PERNOD RICARD,FR0000120693,,,,Euronext Paris
1248,RIN,VILMORIN & CIE,FR0000052516,,,,Euronext Paris
1249,RIVER,RIVER TECH,MT0001710103,,,,Euronext Growth Oslo
1250,RMS,HERMES INTL,FR0000052292,,,,Euronext Paris
1251,RNO,RENAULT,FR0000131906,,,,Euronext Paris
1252,ROCBT,ROCTOOL BSA 2020-2,FR0013477593,,,,Euronext Growth Paris
1253,ROCK,WHITESTONE GROUP,BE0974401334,,,,Euronext Growth Brussels
1254,ROM,ROMREAL,BMG763301022,,,,Euronext Expand Oslo
1255,ROMER,ROMERIKE SPAREBK,NO0010808405,,,,Euronext Growth Oslo
1256,ROMSB,ROMSDAL SPAREBANK,NO0010759988,,,,Euronext Growth Oslo
1257,ROOD,ROODMICROTEC,NL0000440477,,,,Euronext Amsterdam
1258,ROTH,ROTHSCHILD & CO,FR0000031684,,,,Euronext Paris
1259,ROU,ROULARTA,BE0003741551,,,,Euronext Brussels
1260,RUI,RUBIS,FR0013269123,,,,Euronext Paris
1261,RWI,RENEWI,GB00BNR4T868,,,,Euronext Amsterdam
1262,RX,RECYLEX S.A.,FR0000120388,,,,Euronext Paris
1263,RXL,REXEL,FR0010451203,,,,Euronext Paris
1264,RYA,RYANAIR HOLD. PLC,IE00BYTBXV33,,,,Euronext Dublin
1265,S30,SOLUTIONS 30 SE,FR0013379484,,,,Euronext Paris
1266,SABE,SAINT JEAN GROUPE,FR0000060121,,,,Euronext Paris
1267,SACI,FIDUCIAL OFF.SOL.,FR0000061418,,,,Euronext Paris
1268,SAF,SAFRAN,FR0000073272,,,,Euronext Paris
1269,SAMS,SAMSE,FR0000060071,,,,Euronext Paris
1270,SAN,SANOFI,FR0000120578,,,,Euronext Paris
1271,SANNV,SANOFI NV22,FR0014006T94,,,,Euronext Paris
1272,SAVE,SAVENCIA,FR0000120107,,,,Euronext Paris
1273,SB68,SPARBNK 68 GR NORD,NO0010887110,,,,Euronext Growth Oslo
1274,SBMO,SBM OFFSHORE,NL0000360618,,,,Euronext Amsterdam
1275,SBT,OENEO,FR0000052680,,,,Euronext Paris
1276,SCB,S.CLUBE BRAGA,PTSCB0AM0001,,,,Euronext Access Lisbon
1277,SCHD,SCHEERD.V KERCHOVE,BE0012378593,,,,Euronext Brussels
1278,SCHP,SECHE ENVIRONNEM.,FR0000039109,,,,Euronext Paris
1279,SCP,SPORTING,PTSCP0AM0001,,,,Euronext Lisbon
1280,SCR,SCOR SE,FR0010411983,,,,Euronext Paris
1281,SCT,TOYOTA CAETANO,PTSCT0AP0018,,,,Euronext Lisbon
1282,SDG,SYNERGIE,FR0000032658,,,,Euronext Paris
1283,SDT,VISIODENT,FR0000065765,,,,Euronext Paris
1284,SEAW7,SEAWAY 7,NO0010893803,,,,Euronext Growth Oslo
1285,SEC,SODITECH,FR0000078321,,,,Euronext Paris
1286,SEFER,SERGEFERRARI GROUP,FR0011950682,,,,Euronext Paris
1287,SELER,SELECTIRENTE,FR0004175842,,,,Euronext Paris
1288,SEM,SEMAPA,PTSEM0AM0004,,,,Euronext Lisbon
1289,SEQUA,SEQUANA MEDICAL,BE0974340722,,,,Euronext Brussels
1290,SESG,SES,LU0088087324,,,,Euronext Paris
1291,SESL,SES IMAGOTAG,FR0010282822,,,,Euronext Paris
1292,SEV,SUEZ,FR0010613471,,,,Euronext Paris
1293,SFCA,SOC FRANC CASINOS,FR0010209809,,,,Euronext Paris
1294,SFPI,GROUPE SFPI,FR0004155000,,,,Euronext Paris
1295,SGDBS,SPINEGUARD BS,FR0014003UB4,,,,Euronext Growth Paris
1296,SGO,SAINT GOBAIN,FR0000125007,,,,Euronext Paris
1297,SGRO,SEGRO PLC,GB00B5ZN1N88,,,,Euronext Paris
1298,SHUR,SHURGARD,LU1883301340,,,,Euronext Brussels
1299,SIFG,SIF HOLDING,NL0011660485,,,,Euronext Amsterdam
1300,SIGHT,GENSIGHT BIOLOGICS,FR0013183985,,,,Euronext Paris
1301,SII,SII,FR0000074122,,,,Euronext Paris
1302,SIKRI,SIKRI HOLDING,NO0010881717,,,,Euronext Growth Oslo
1303,SIP,SIPEF,BE0003898187,,,,Euronext Brussels
1304,SK,S.E.B.,FR0000121709,,,,Euronext Paris
1305,SK3,SMURFIT KAPPA GP,IE00B1RR8406,,,,Euronext Dublin
1306,SKAND,SKANDIA GREENPOWER,NO0010931207,,,,Euronext Growth Oslo
1307,SLB,SCHLUMBERGER,AN8068571086,,,,Euronext Paris
1308,SLBEN,BENFICA,PTSLB0AM0010,,,,Euronext Lisbon
1309,SLCO,SELCODIS,FR0000065492,,,,Euronext Paris
1310,SLIGR,SLIGRO FOOD GROUP,NL0000817179,,,,Euronext Amsterdam
1311,SMAR,SMARTPHOTO GROUP,BE0974323553,,,,Euronext Brussels
1312,SMCP,SMCP,FR0013214145,,,,Euronext Paris
1313,SMLBS,SMALTO BSA,FR0010649228,,,,Euronext Access Paris
1314,SMOP,SMARTOPTICS GROUP,NO0011012502,,,,Euronext Growth Oslo
1315,SMTPC,SMTPC,FR0004016699,,,,Euronext Paris
1316,SNG,SONAGI,PTSNG0AM0007,,,,Euronext Access Lisbon
1317,SNOW,SNOWWORLD,NL0010627865,,,,Euronext Amsterdam
1318,SO,SOMFY SA,FR0013199916,,,,Euronext Paris
1319,SOF,SOFINA,BE0003717312,,,,Euronext Brussels
1320,SOFT,SOFTIMAT,BE0003773877,,,,Euronext Growth Brussels
1321,SOFTX,SOFTOX SOLUTIONS,NO0010811961,,,,Euronext Growth Oslo
1322,SOG,SOGECLAIR,FR0000065864,,,,Euronext Paris
1323,SOI,SOITEC,FR0013227113,,,,Euronext Paris
1324,SOLB,SOLVAY,BE0003470755,,,,Euronext Brussels
1325,SOLV,SOLVAC NOM(RETAIL),BE0003545531,,,,Euronext Brussels
1326,SON,SONAE,PTSON0AM0001,,,,Euronext Lisbon
1327,SOP,SOPRA STERIA GROUP,FR0000050809,,,,Euronext Paris
1328,SPA,SPADEL,BE0003798155,,,,Euronext Brussels
1329,SPEL,FONCIERE VOLTA,FR0000053944,,,,Euronext Paris
1330,SPIE,SPIE,FR0012757854,,,,Euronext Paris
1331,SPR1,SPR1 ORD SHARES,NL0015000NM7,,,,Euronext Amsterdam
1332,SPR1T,SPR1T TREAS SHARES,NL0015000NL9,,,,Euronext Amsterdam
1333,SPR1W,SPR1W WARRANTS,NL0015000NK1,,,,Euronext Amsterdam
1334,SQI,SQLI,FR0011289040,,,,Euronext Paris
1335,SRP,SHOWROOMPRIVE,FR0013006558,,,,Euronext Paris
1336,STATT,STATT TORSK,NO0010775844,,,,Euronext Growth Oslo
1337,STF,STEF,FR0000064271,,,,Euronext Paris
1338,STLA,STELLANTIS NV,NL00150001Q9,,,,Euronext Paris
1339,STM,STMICROELECTRONICS,NL0000226223,,,,Euronext Paris
1340,STRN,STERN GROEP,NL0000336303,,,,Euronext Amsterdam
1341,STTL,SETTLEMENTS,BE0974261902,,,,Euronext Growth Brussels
1342,SU,SCHNEIDER ELECTRIC,FR0000121972,,,,Euronext Paris
1343,SUNSB,SUNNDAL SPAREBANK,NO0010672900,,,,Euronext Growth Oslo
1344,SW,SODEXO,FR0000121220,,,,Euronext Paris
1345,SWP,SWORD GROUP,FR0004180578,,,,Euronext Paris
1346,SX,CS GROUP.,FR0007317813,,,,Euronext Paris
1347,TAYN,TAYNINH,FR0000063307,,,,Euronext Paris
1348,TBGBS,THEBLOCKCHAINGRBS,FR00140065G1,,,,Euronext Growth Paris
1349,TBIRD,THUNDERBIRD,VGG885761061,,,,Euronext Amsterdam
1350,TBMBT,LESTQBLANC202212BS,FR0013483401,,,,Euronext Growth Paris
1351,TCH,TECHNICOLOR,FR0013505062,,,,Euronext Paris
1352,TCO,TESCO PLC,GB00BLGZ9862,,,,Euronext Dublin
1353,TDSA,TEIXEIRA DUARTE,PTTD10AM0000,,,,Euronext Lisbon
1354,TE,TECHNIP ENERGIES,NL0014559478,,,,Euronext Paris
1355,TECBS,TECH BSA 2024,FR0013526225,,,,Euronext Paris
1356,TECO,TECO 2030,NO0010887516,,,,Euronext Growth Oslo
1357,TEKNA,TEKNA HOLDING,NO0010951577,,,,Euronext Growth Oslo
1358,TEP,TELEPERFORMANCE,FR0000051807,,,,Euronext Paris
1359,TERB,TER BEKE,BE0003573814,,,,Euronext Brussels
1360,TESB,TESSENDERLO,BE0003555639,,,,Euronext Brussels
1361,TET,TETRYS,BE0003886067,,,,Euronext Expert Market
1362,TEXF,TEXAF,BE0974263924,,,,Euronext Brussels
1363,TFF,TFF GROUP,FR0013295789,,,,Euronext Paris
1364,TFG,TETRAGON FIN GRP,GG00B1RMC548,,,,Euronext Amsterdam
1365,TFI,TF1,FR0000054900,,,,Euronext Paris
1366,THEP,THERMADOR GROUPE,FR0013333432,,,,Euronext Paris
1367,TIE,TIE KINETIX,NL0010389508,,,,Euronext Amsterdam
1368,TINC,TINC,BE0974282148,,,,Euronext Brussels
1369,TIPI,TIPIAK,FR0000066482,,,,Euronext Paris
1370,TITC,TITAN CEMENT,BE0974338700,,,,Euronext Brussels
1371,TKO,TIKEHAU CAPITAL,FR0013230612,,,,Euronext Paris
1372,TKTT,TARKETT,FR0004188670,,,,Euronext Paris
1373,TKWY,JUST EAT TAKEAWAY,NL0012015705,,,,Euronext Amsterdam
1374,TNET,TELENET GROUP,BE0003826436,,,,Euronext Brussels
1375,TNG,TRANSGENE,FR0005175080,,,,Euronext Paris
1376,TOM2,TOMTOM,NL0013332471,,,,Euronext Amsterdam
1377,TOUP,TOUAX,FR0000033003,,,,Euronext Paris
1378,TQW,TULLOW OIL PLC,GB0001500809,,,,Euronext Dublin
1379,TRAN,TRANSITION SHARES,FR00140039U7,,,,Euronext Paris
1380,TRANW,TRANSITION WARRANT,FR0014003AC4,,,,Euronext Paris
1381,TRI,TRIGANO,FR0005691656,,,,Euronext Paris
1382,TTE,TOTALENERGIES,FR0000120271,,,,Euronext Paris
1383,TUB,TUBIZE-FIN,BE0003823409,,,,Euronext Brussels
1384,TUBAT,TUBIZE (ATTR),BE0099967573,,,,Euronext Expert Market
1385,TVRB,TELEVERBIER,CH0008175645,,,,Euronext Paris
1386,TWEKA,TKH GROUP,NL0000852523,,,,Euronext Amsterdam
1387,TYSB,TYSNES SPAREBANK,NO0010731615,,,,Euronext Growth Oslo
1388,UBI,UBISOFT ENTERTAIN,FR0000054470,,,,Euronext Paris
1389,UCB,UCB,BE0003739530,,,,Euronext Brussels
1390,UFF,UNION FIN.FRANCE,FR0000034548,,,,Euronext Paris
1391,UMG,UMG,NL0015000IY2,,,,Euronext Amsterdam
1392,UMI,UMICORE,BE0974320526,,,,Euronext Brussels
1393,UNA,UNILEVER,GB00B10RZP78,,,,Euronext Amsterdam
1394,UNBL,UNIBEL,FR0000054215,,,,Euronext Paris
1395,UNI,FLOWSPARKS,BE0003847648,,,,Euronext Access Brussels
1396,UPG,UNIFIEDPOST GROUP,BE0974371032,,,,Euronext Brussels
1397,UPR,UNIPHAR PLC,IE00BJ5FQX74,,,,Euronext Growth Dublin
1398,URW,UNIBAIL-RODAMCO-WE,FR0013326246,,,,Euronext Amsterdam
1399,VAC,PIERRE VACANCES,FR0000073041,,,,Euronext Paris
1400,VAF,VAA VISTA ALEGRE,PTVAA0AM0019,,,,Euronext Lisbon
1401,VALUE,VALUE8,NL0010661864,,,,Euronext Amsterdam
1402,VAM,VAM INVEST SHARES,NL0015000G40,,,,Euronext Amsterdam
1403,VAMT,VAM INVEST TR SHA,NL0015000GH1,,,,Euronext Amsterdam
1404,VAMW,VAM INVEST WARRANT,NL0015000G32,,,,Euronext Amsterdam
1405,VAN,VAN DE VELDE,BE0003839561,,,,Euronext Brussels
1406,VAPBS,KUMULUSBSA2020,FR0014001KF0,,,,Euronext Growth Paris
1407,VASTB,VASTNED BELGIUM,BE0003754687,,,,Euronext Brussels
1408,VASTN,VASTNED,NL0000288918,,,,Euronext Amsterdam
1409,VCT,VICAT,FR0000031775,,,,Euronext Paris
1410,VEON,VEON,BMG9349W1038,,,,Euronext Amsterdam
1411,VETO,VETOQUINOL,FR0004186856,,,,Euronext Paris
1412,VGM,VOW GREEN METALS,NO0011037483,,,,Euronext Growth Oslo
1413,VGP,VGP,BE0003878957,,,,Euronext Brussels
1414,VIE,VEOLIA ENVIRON.,FR0000124141,,,,Euronext Paris
1415,VIL,VIEL ET COMPAGNIE,FR0000050049,,,,Euronext Paris
1416,VIO,VIOHALCO,BE0974271034,,,,Euronext Brussels
1417,VIRP,VIRBAC,FR0000031577,,,,Euronext Paris
1418,VIV,VIVENDI SE,FR0000127771,,,,Euronext Paris
1419,VIVBS,VISIATIV BS,FR0014003O76,,,,Euronext Growth Paris
1420,VIVNV,VIVENDI NV22,FR0014006O81,,,,Euronext Paris
1421,VK,VALLOUREC,FR0013506730,,,,Euronext Paris
1422,VKBS,VALLOUREC BSA 21,FR00140030K7,,,,Euronext Paris
1423,VLA,VALNEVA,FR0004056851,,,,Euronext Paris
1424,VLK,V LANSCHOT KEMPEN,NL0000302636,,,,Euronext Amsterdam
1425,VLTSA,VOLTALIA,FR0011995588,,,,Euronext Paris
1426,VMGBS,VISIOMED BSA2018-1,FR0013322724,,,,Euronext Growth Paris
1427,VMGBT,VISIOMEDBSA26OCT23,FR0013321817,,,,Euronext Growth Paris
1428,VMX,VERIMATRIX,FR0010291245,,,,Euronext Paris
1429,VPK,VOPAK,NL0009432491,,,,Euronext Amsterdam
1430,VRAP,VRANKEN-POMMERY,FR0000062796,,,,Euronext Paris
1431,VRLA,VERALLIA,FR0013447729,,,,Euronext Paris
1432,VTA,VOLTA FINANCE,GG00B1GHHH78,,,,Euronext Amsterdam
1433,VTR,VITURA,FR0010309096,,,,Euronext Paris
1434,VVY,VIVORYON,NL00150002Q7,,,,Euronext Amsterdam
1435,WAGA,WAGA ENERGY,FR0012532810,,,,Euronext Paris
1436,WAVE,WAVESTONE,FR0013357621,,,,Euronext Paris
1437,WDP,WDP,BE0974349814,,,,Euronext Brussels
1438,WEB,WAREHOUSES ESTATES,BE0003734481,,,,Euronext Brussels
1439,WEHB,WERELDHAVE BELGIUM,BE0003724383,,,,Euronext Brussels
1440,WEST,WESTERN BULK CHART,NO0010768096,,,,Euronext Growth Oslo
1441,WHA,WERELDHAVE,NL0000289213,,,,Euronext Amsterdam
1442,WKL,WOLTERS KLUWER,NL0000395903,,,,Euronext Amsterdam
1443,WLN,WORLDLINE,FR0011981968,,,,Euronext Paris
1444,WOLE,WOL. EXTENS. CERT,BE0003600112,,,,Euronext Brussels
1445,WOLS,WOL. SHOPPING CERT,BE0003571792,,,,Euronext Brussels
1446,XFAB,X-FAB,BE0974310428,,,,Euronext Paris
1447,XIL,XILAM ANIMATION,FR0004034072,,,,Euronext Paris
1448,XIOR,XIOR,BE0974288202,,,,Euronext Brussels
1449,XPLRA,XPLORA TECHNOLOGIE,NO0010895782,,,,Euronext Growth Oslo
1450,YATRA,YATRA,JE00B1FBT077,,,,Euronext Amsterdam
1451,YEW,YEW GROVE REIT PLC,IE00BDT5KP12,,,,Euronext Dublin
1452,ZAP,ZAPTEC,NO0010713936,,,,Euronext Growth Oslo
1453,ZEN,ZENOBE GRAMME CERT,BE0003809267,,,,Euronext Brussels
1454,ZENA,ZENITH ENERGY,CA98936C1068,,,,Euronext Growth Oslo
1455,ZWIPE,ZWIPE,NO0010721277,,,,Euronext Growth Oslo
